Workbook

Sheet DA 1
BR1: =COUNTIF(BR4:BR285,"True") -> 69 | BS1: =COUNTIF(BS4:BS285,"True") -> 76 | BT1: =COUNTIF(BT4:BT285,"True") -> 57 | BU1: =COUNTIF(BU4:BU285,"True") -> 67 | BV1: =COUNTIF(BV4:BV285,"True") -> 61 | BW1: =COUNTIF(BW4:BW285,"True") -> 58
A2: Name | B2: Email | C2: Phone | D2: Centre | E2: Total Classes | F2: Class attended | G2: Percentage | H2: Total Class without shift 2 | I2: Class Attended without shift 2 | J2: Percentage without shift 2 | L2: 46096 | M2: 46095 | N2: 46089 | O2: 46088 | P2: 46082 | Q2: 46081 | R2: 46075 | S2: 46074 | T2: 46068 | U2: 46067 | V2: 46067 | W2: 46061 | X2: 46060 | Y2: 46060 | Z2: 46054 | AA2: 46053 | AB2: 46053 | AC2: 46047 | AD2: 46046 | AE2: 46046 | AF2: 45675 | AG2: 45674 | AH2: 45674 | AI2: 45667 | AJ2: 45661 | AK2: 46025 | AL2: 46012 | AM2: 46005 | AN2: 46004 | AO2: 46004 | AP2: 45998 | AQ2: 45997 | AR2: 45997 | AS2: 45991 | AT2: 45990 | AU2: 45990 | AV2: 45984 | AW2: 45983 | AX2: 45983 | AY2: 45977 | AZ2: 45976 | BA2: 45976 | BB2: 45970 | BC2: 45969 | BD2: 45963 | BE2: 45962 | BF2: 45955 | BG2: 45955 | BH2: 45942 | BI2: 45941 | BJ2: 45941 | BK2: 45935 | BL2: 45934 | BM2: 45934 | BN2: 45928 | BO2: 45927 | BP2: 45921 | BQ2: 45920 | BR2: 45914 | BS2: 45913 | BT2: 45907 | BU2: 45906 | BV2: 31-Aug-2025 | BW2: 30-Aug-2025
U3: Shift 2 | X3: Shift 2 | AA3: Shift 2 | AD3: Shift 2 | AG3: Shift 2 | AI3: Shift 2 | AN3: Shift 2 | AO3: Shift 1 | AQ3: Shift 2 | AR3: Shift 1 | AT3: Shift 2 | AU3: Shift 1 | AW3: Shift 2 | AX3: Shift 1 | AY3: Shift 1 | AZ3: Shift 2 | BA3: Shift 1 | BB3: Shift 1 | BC3: Shift 2 | BD3: Shift 1 | BE3: Shift 1 | BF3: Shift 2 | BG3: Shift 1 | BH3: Shift 1 | BI3: Shift 2 | BJ3: Shift 1 | BK3: Shift 1 | BL3: Shift 2 | BM3: Shift 1 | BN3: Shift 1 | BO3: Shift 1 | BP3: Shift 1 | BQ3: Shift 1 | BR3: Shift 1 | BS3: Shift 1 | BT3: Shift 1 | BU3: Shift 1 | BV3: Shift 1 | BW3: Shift 1
A4: S R AdithyaR Adithya | B4: N.A. | C4: 7019560434 | BT4: FALSE | BU4: FALSE | BV4: FALSE | BW4: FALSE | BX4: =COUNTA(AS4:BW4) -> 4 | BY4: =COUNTIF(AS4:BW4,TRUE) -> 0 | BZ4: =BY4/BX4 -> 0 | CA4: =IF(BZ4>=0.6,"GOOD IN NOV","BAD IN NOV") -> BAD IN NOV | CB4: =COUNTA(AM4:BW4) -> 4 | CC4: =COUNTIF(AM4:BW4,TRUE) -> 0 | CD4: =CC4/CB4 -> 0 | CE4: =if(CD4>=0.4,"Good in dec","Bad in dec") -> Bad in dec | CF4: =IF(AND(CA4="GOOD IN NOV",CE4="Bad in dec"),"CONNECT","NOT CONNECT") -> NOT CONNECT
A5: Furquan mohammed | B5: furquanmohammedadhoni@gmail.com | C5: 9916346376 | D5: Bengalore | BT5: FALSE | BU5: FALSE | BV5: FALSE | BW5: FALSE | BX5: =COUNTA(AS5:BW5) -> 4 | BY5: =COUNTIF(AS5:BW5,TRUE) -> 0 | BZ5: =BY5/BX5 -> 0 | CA5: =IF(BZ5>=0.6,"GOOD IN NOV","BAD IN NOV") -> BAD IN NOV | CB5: =COUNTA(AM5:BW5) -> 4 | CC5: =COUNTIF(AM5:BW5,TRUE) -> 0 | CD5: =CC5/CB5 -> 0 | CE5: =if(CD5>=0.4,"Good in dec","Bad in dec") -> Bad in dec | CF5: =IF(AND(CA5="GOOD IN NOV",CE5="Bad in dec"),"CONNECT","NOT CONNECT") -> NOT CONNECT
A6: Abhishek Shikhre | B6: abhishikhare1111@gmail.com | C6: 9589934248 | D6: Indore | E6: =COUNTIF($K6:CF6,TRUE) + COUNTIF($K6:CF6,FALSE) -> 64 | F6: =COUNTIF($K6:CF6,TRUE) -> 41 | G6: =ROUND((F6/E6)*100,0) -> 64 | H6: =COUNTIF(K6:CF6,TRUE)+COUNTIF(K6:CF6,FALSE)-COUNTIF($K$3:CF$3,"Shift 2") -> 49 | I6: =F6- COUNTIFS($K6:CF6,"TRUE",$K$3:CF$3,"Shift 2") -> 38 | J6: =(I6/H6)*100 -> 77.55102 | L6: FALSE | M6: TRUE | N6: FALSE | O6: TRUE | P6: TRUE | Q6: TRUE | R6: FALSE | S6: TRUE | T6: TRUE | U6: FALSE | V6: TRUE | W6: FALSE | X6: FALSE | Y6: TRUE | Z6: TRUE | AA6: TRUE | AB6: TRUE | AC6: TRUE | AD6: FALSE | AE6: TRUE | AF6: FALSE | AG6: FALSE | AH6: TRUE | AI6: FALSE | AJ6: FALSE | AK6: TRUE | AL6: TRUE | AM6: TRUE | AN6: FALSE | AO6: TRUE | AP6: TRUE | AQ6: FALSE | AR6: TRUE | AS6: FALSE | AT6: FALSE | AU6: TRUE | AV6: TRUE | AW6: FALSE | AX6: TRUE | AY6: TRUE | AZ6: FALSE | BA6: TRUE | BB6: TRUE | BC6: FALSE | BD6: FALSE | BE6: TRUE | BF6: TRUE | BG6: TRUE | BH6: TRUE | BI6: FALSE | BJ6: TRUE | BK6: FALSE | BL6: TRUE | BM6: TRUE | BN6: TRUE | BO6: TRUE | BP6: FALSE | BQ6: TRUE | BR6: TRUE | BS6: TRUE | BT6: FALSE | BU6: TRUE | BV6: TRUE | BW6: TRUE | BX6: =COUNTA(AS6:BW6) -> 31 | BY6: =COUNTIF(AS6:BW6,TRUE) -> 21 | BZ6: =BY6/BX6 -> 0.67741935 | CA6: =IF(BZ6>=0.6,"GOOD IN NOV","BAD IN NOV") -> GOOD IN NOV | CB6: =COUNTA(AM6:BW6) -> 37 | CC6: =COUNTIF(AM6:BW6,TRUE) -> 25 | CD6: =CC6/CB6 -> 0.67567568 | CE6: =if(CD6>=0.4,"Good in dec","Bad in dec") -> Good in dec | CF6: =IF(AND(CA6="GOOD IN NOV",CE6="Bad in dec"),"CONNECT","NOT CONNECT") -> NOT CONNECT
A7: Ajay Banait | B7: ajaybanait5@gmail.com | C7: 7440262005 | D7: Indore | E7: =COUNTIF($K7:CF7,TRUE) + COUNTIF($K7:CF7,FALSE) -> 64 | F7: =COUNTIF($K7:CF7,TRUE) -> 50 | G7: =ROUND((F7/E7)*100,0) -> 78 | H7: =COUNTIF(K7:CF7,TRUE)+COUNTIF(K7:CF7,FALSE)-COUNTIF($K$3:CF$3,"Shift 2") -> 49 | I7: =F7- COUNTIFS($K7:CF7,"TRUE",$K$3:CF$3,"Shift 2") -> 41 | J7: =(I7/H7)*100 -> 83.673469 | L7: TRUE | M7: FALSE | N7: TRUE | O7: FALSE | P7: TRUE | Q7: TRUE | R7: TRUE | S7: TRUE | T7: TRUE | U7: FALSE | V7: TRUE | W7: TRUE | X7: FALSE | Y7: FALSE | Z7: TRUE | AA7: FALSE | AB7: TRUE | AC7: TRUE | AD7: FALSE | AE7: FALSE | AF7: TRUE | AG7: TRUE | AH7: TRUE | AI7: TRUE | AJ7: TRUE | AK7: TRUE | AL7: TRUE | AM7: TRUE | AN7: FALSE | AO7: TRUE | AP7: TRUE | AQ7: FALSE | AR7: TRUE | AS7: TRUE | AT7: TRUE | AU7: TRUE | AV7: TRUE | AW7: TRUE | AX7: TRUE | AY7: TRUE | AZ7: TRUE | BA7: TRUE | BB7: TRUE | BC7: TRUE | BD7: TRUE | BE7: TRUE | BF7: TRUE | BG7: TRUE | BH7: TRUE | BI7: TRUE | BJ7: TRUE | BK7: TRUE | BL7: TRUE | BM7: TRUE | BN7: TRUE | BO7: TRUE | BP7: TRUE | BQ7: TRUE | BR7: TRUE | BS7: TRUE | BT7: FALSE | BU7: FALSE | BV7: FALSE | BW7: FALSE | BX7: =COUNTA(AS7:BW7) -> 31 | BY7: =COUNTIF(AS7:BW7,TRUE) -> 27 | BZ7: =BY7/BX7 -> 0.87096774 | CA7: =IF(BZ7>=0.6,"GOOD IN NOV","BAD IN NOV") -> GOOD IN NOV | CB7: =COUNTA(AM7:BW7) -> 37 | CC7: =COUNTIF(AM7:BW7,TRUE) -> 31 | CD7: =CC7/CB7 -> 0.83783784 | CE7: =if(CD7>=0.4,"Good in dec","Bad in dec") -> Good in dec | CF7: =IF(AND(CA7="GOOD IN NOV",CE7="Bad in dec"),"CONNECT","NOT CONNECT") -> NOT CONNECT
A8: Ankesh Maheshwari | B8: ankeshmaheshwari2002@gmail.com | C8: 7024157979 | D8: Indore | E8: =COUNTIF($K8:CF8,TRUE) + COUNTIF($K8:CF8,FALSE) -> 64 | F8: =COUNTIF($K8:CF8,TRUE) -> 52 | G8: =ROUND((F8/E8)*100,0) -> 81 | H8: =COUNTIF(K8:CF8,TRUE)+COUNTIF(K8:CF8,FALSE)-COUNTIF($K$3:CF$3,"Shift 2") -> 49 | I8: =F8- COUNTIFS($K8:CF8,"TRUE",$K$3:CF$3,"Shift 2") -> 43 | J8: =(I8/H8)*100 -> 87.755102 | L8: FALSE | M8: FALSE | N8: TRUE | O8: TRUE | P8: TRUE | Q8: TRUE | R8: TRUE | S8: TRUE | T8: TRUE | U8: FALSE | V8: TRUE | W8: TRUE | X8: FALSE | Y8: TRUE | Z8: TRUE | AA8: FALSE | AB8: TRUE | AC8: TRUE | AD8: FALSE | AE8: TRUE | AF8: TRUE | AG8: FALSE | AH8: FALSE | AI8: TRUE | AJ8: FALSE | AK8: TRUE | AL8: TRUE | AM8: TRUE | AN8: FALSE | AO8: TRUE | AP8: TRUE | AQ8: TRUE | AR8: TRUE | AS8: TRUE | AT8: TRUE | AU8: TRUE | AV8: TRUE | AW8: TRUE | AX8: TRUE | AY8: TRUE | AZ8: TRUE | BA8: TRUE | BB8: FALSE | BC8: TRUE | BD8: TRUE | BE8: TRUE | BF8: TRUE | BG8: TRUE | BH8: TRUE | BI8: TRUE | BJ8: TRUE | BK8: TRUE | BL8: TRUE | BM8: TRUE | BN8: TRUE | BO8: TRUE | BP8: TRUE | BQ8: TRUE | BR8: TRUE | BS8: TRUE | BT8: TRUE | BU8: TRUE | BV8: TRUE | BW8: FALSE | BX8: =COUNTA(AS8:BW8) -> 31 | BY8: =COUNTIF(AS8:BW8,TRUE) -> 29 | BZ8: =BY8/BX8 -> 0.93548387 | CA8: =IF(BZ8>=0.6,"GOOD IN NOV","BAD IN NOV") -> GOOD IN NOV | CB8: =COUNTA(AM8:BW8) -> 37 | CC8: =COUNTIF(AM8:BW8,TRUE) -> 34 | CD8: =CC8/CB8 -> 0.91891892 | CE8: =if(CD8>=0.4,"Good in dec","Bad in dec") -> Good in dec | CF8: =IF(AND(CA8="GOOD IN NOV",CE8="Bad in dec"),"CONNECT","NOT CONNECT") -> NOT CONNECT
A9: Bhagyashree Agrawal | B9: bhagyashreeagrawal5@gmail.com | C9: 7240912177 | D9: Indore | E9: =COUNTIF($K9:CF9,TRUE) + COUNTIF($K9:CF9,FALSE) -> 64 | F9: =COUNTIF($K9:CF9,TRUE) -> 40 | G9: =ROUND((F9/E9)*100,0) -> 63 | H9: =COUNTIF(K9:CF9,TRUE)+COUNTIF(K9:CF9,FALSE)-COUNTIF($K$3:CF$3,"Shift 2") -> 49 | I9: =F9- COUNTIFS($K9:CF9,"TRUE",$K$3:CF$3,"Shift 2") -> 37 | J9: =(I9/H9)*100 -> 75.510204 | L9: TRUE | M9: TRUE | N9: TRUE | O9: FALSE | P9: TRUE | Q9: FALSE | R9: TRUE | S9: FALSE | T9: TRUE | U9: FALSE | V9: TRUE | W9: TRUE | X9: FALSE | Y9: TRUE | Z9: FALSE | AA9: FALSE | AB9: TRUE | AC9: TRUE | AD9: FALSE | AE9: TRUE | AF9: TRUE | AG9: FALSE | AH9: TRUE | AI9: FALSE | AJ9: TRUE | AK9: TRUE | AL9: TRUE | AM9: TRUE | AN9: FALSE | AO9: TRUE | AP9: TRUE | AQ9: FALSE | AR9: TRUE | AS9: TRUE | AT9: FALSE | AU9: TRUE | AV9: FALSE | AW9: FALSE | AX9: FALSE | AY9: TRUE | AZ9: FALSE | BA9: TRUE | BB9: TRUE | BC9: FALSE | BD9: TRUE | BE9: FALSE | BF9: TRUE | BG9: TRUE | BH9: TRUE | BI9: TRUE | BJ9: TRUE | BK9: TRUE | BL9: TRUE | BM9: TRUE | BN9: FALSE | BO9: TRUE | BP9: TRUE | BQ9: TRUE | BR9: TRUE | BS9: TRUE | BT9: FALSE | BU9: FALSE | BV9: FALSE | BW9: FALSE | BX9: =COUNTA(AS9:BW9) -> 31 | BY9: =COUNTIF(AS9:BW9,TRUE) -> 19 | BZ9: =BY9/BX9 -> 0.61290323 | CA9: =IF(BZ9>=0.6,"GOOD IN NOV","BAD IN NOV") -> GOOD IN NOV | CB9: =COUNTA(AM9:BW9) -> 37 | CC9: =COUNTIF(AM9:BW9,TRUE) -> 23 | CD9: =CC9/CB9 -> 0.62162162 | CE9: =if(CD9>=0.4,"Good in dec","Bad in dec") -> Good in dec | CF9: =IF(AND(CA9="GOOD IN NOV",CE9="Bad in dec"),"CONNECT","NOT CONNECT") -> NOT CONNECT
A10: Durgesh Suryawanshi | B10: Thoratdurgesh5@gmail.com | C10: 9165262620 | D10: Indore | E10: =COUNTIF($K10:CF10,TRUE) + COUNTIF($K10:CF10,FALSE) -> 64 | F10: =COUNTIF($K10:CF10,TRUE) -> 1 | G10: =ROUND((F10/E10)*100,0) -> 2 | H10: =COUNTIF(K10:CF10,TRUE)+COUNTIF(K10:CF10,FALSE)-COUNTIF($K$3:CF$3,"Shift 2") -> 49 | I10: =F10- COUNTIFS($K10:CF10,"TRUE",$K$3:CF$3,"Shift 2") -> 1 | J10: =(I10/H10)*100 -> 2.0408163 | L10: FALSE | M10: FALSE | N10: FALSE | O10: FALSE | P10: FALSE | Q10: FALSE | R10: FALSE | S10: FALSE | T10: FALSE | U10: FALSE | V10: FALSE | W10: FALSE | X10: FALSE | Y10: FALSE | Z10: FALSE | AA10: FALSE | AB10: FALSE | AC10: FALSE | AD10: FALSE | AE10: FALSE | AF10: FALSE | AG10: FALSE | AH10: FALSE | AI10: FALSE | AJ10: FALSE | AK10: FALSE | AL10: FALSE | AM10: FALSE | AN10: FALSE | AO10: FALSE | AP10: FALSE | AQ10: FALSE | AR10: FALSE | AS10: FALSE | AT10: FALSE | AU10: FALSE | AV10: FALSE | AW10: FALSE | AX10: FALSE | AY10: FALSE | AZ10: FALSE | BA10: FALSE | BB10: FALSE | BC10: FALSE | BD10: FALSE | BE10: FALSE | BF10: FALSE | BG10: FALSE | BH10: FALSE | BI10: FALSE | BJ10: FALSE | BK10: FALSE | BL10: FALSE | BM10: FALSE | BN10: FALSE | BO10: FALSE | BP10: FALSE | BQ10: FALSE | BR10: FALSE | BS10: FALSE | BT10: FALSE | BU10: TRUE | BV10: FALSE | BW10: FALSE | BX10: =COUNTA(AS10:BW10) -> 31 | BY10: =COUNTIF(AS10:BW10,TRUE) -> 1 | BZ10: =BY10/BX10 -> 0.032258065 | CA10: =IF(BZ10>=0.6,"GOOD IN NOV","BAD IN NOV") -> BAD IN NOV | CB10: =COUNTA(AM10:BW10) -> 37 | CC10: =COUNTIF(AM10:BW10,TRUE) -> 1 | CD10: =CC10/CB10 -> 0.027027027 | CE10: =if(CD10>=0.4,"Good in dec","Bad in dec") -> Bad in dec | CF10: =IF(AND(CA10="GOOD IN NOV",CE10="Bad in dec"),"CONNECT","NOT CONNECT") -> NOT CONNECT
A11: Harshit Sharma | B11: harshitsharma881549@gmail.com | C11: 7415805759 | D11: Indore | E11: =COUNTIF($K11:CF11,TRUE) + COUNTIF($K11:CF11,FALSE) -> 64 | F11: =COUNTIF($K11:CF11,TRUE) -> 38 | G11: =ROUND((F11/E11)*100,0) -> 59 | H11: =COUNTIF(K11:CF11,TRUE)+COUNTIF(K11:CF11,FALSE)-COUNTIF($K$3:CF$3,"Shift 2") -> 49 | I11: =F11- COUNTIFS($K11:CF11,"TRUE",$K$3:CF$3,"Shift 2") -> 32 | J11: =(I11/H11)*100 -> 65.306122 | L11: FALSE | M11: FALSE | N11: TRUE | O11: FALSE | P11: FALSE | Q11: FALSE | R11: TRUE | S11: FALSE | T11: FALSE | U11: FALSE | V11: FALSE | W11: FALSE | X11: FALSE | Y11: FALSE | Z11: FALSE | AA11: FALSE | AB11: FALSE | AC11: FALSE | AD11: FALSE | AE11: FALSE | AF11: TRUE | AG11: TRUE | AH11: TRUE | AI11: FALSE | AJ11: TRUE | AK11: TRUE | AL11: TRUE | AM11: TRUE | AN11: FALSE | AO11: TRUE | AP11: TRUE | AQ11: FALSE | AR11: TRUE | AS11: TRUE | AT11: FALSE | AU11: TRUE | AV11: FALSE | AW11: FALSE | AX11: FALSE | AY11: TRUE | AZ11: TRUE | BA11: TRUE | BB11: TRUE | BC11: TRUE | BD11: TRUE | BE11: TRUE | BF11: TRUE | BG11: TRUE | BH11: TRUE | BI11: TRUE | BJ11: TRUE | BK11: TRUE | BL11: TRUE | BM11: TRUE | BN11: TRUE | BO11: TRUE | BP11: FALSE | BQ11: TRUE | BR11: TRUE | BS11: TRUE | BT11: TRUE | BU11: TRUE | BV11: TRUE | BW11: TRUE | BX11: =COUNTA(AS11:BW11) -> 31 | BY11: =COUNTIF(AS11:BW11,TRUE) -> 26 | BZ11: =BY11/BX11 -> 0.83870968 | CA11: =IF(BZ11>=0.6,"GOOD IN NOV","BAD IN NOV") -> GOOD IN NOV | CB11: =COUNTA(AM11:BW11) -> 37 | CC11: =COUNTIF(AM11:BW11,TRUE) -> 30 | CD11: =CC11/CB11 -> 0.81081081 | CE11: =if(CD11>=0.4,"Good in dec","Bad in dec") -> Good in dec | CF11: =IF(AND(CA11="GOOD IN NOV",CE11="Bad in dec"),"CONNECT","NOT CONNECT") -> NOT CONNECT
A12: Jay Varandani | B12: jayvarandani123@gmail.com | C12: 8109414954 | D12: Indore | E12: =COUNTIF($K12:CF12,TRUE) + COUNTIF($K12:CF12,FALSE) -> 64 | F12: =COUNTIF($K12:CF12,TRUE) -> 23 | G12: =ROUND((F12/E12)*100,0) -> 36 | H12: =COUNTIF(K12:CF12,TRUE)+COUNTIF(K12:CF12,FALSE)-COUNTIF($K$3:CF$3,"Shift 2") -> 49 | I12: =F12- COUNTIFS($K12:CF12,"TRUE",$K$3:CF$3,"Shift 2") -> 22 | J12: =(I12/H12)*100 -> 44.897959 | L12: FALSE | M12: FALSE | N12: FALSE | O12: FALSE | P12: FALSE | Q12: FALSE | R12: FALSE | S12: FALSE | T12: FALSE | U12: FALSE | V12: FALSE | W12: FALSE | X12: FALSE | Y12: FALSE | Z12: FALSE | AA12: FALSE | AB12: FALSE | AC12: TRUE | AD12: FALSE | AE12: FALSE | AF12: TRUE | AG12: FALSE | AH12: TRUE | AI12: FALSE | AJ12: TRUE | AK12: TRUE | AL12: TRUE | AM12: FALSE | AN12: FALSE | AO12: FALSE | AP12: TRUE | AQ12: FALSE | AR12: TRUE | AS12: FALSE | AT12: FALSE | AU12: TRUE | AV12: TRUE | AW12: FALSE | AX12: TRUE | AY12: TRUE | AZ12: FALSE | BA12: TRUE | BB12: FALSE | BC12: FALSE | BD12: TRUE | BE12: TRUE | BF12: FALSE | BG12: TRUE | BH12: FALSE | BI12: FALSE | BJ12: TRUE | BK12: FALSE | BL12: TRUE | BM12: TRUE | BN12: FALSE | BO12: FALSE | BP12: TRUE | BQ12: TRUE | BR12: TRUE | BS12: TRUE | BT12: FALSE | BU12: FALSE | BV12: FALSE | BW12: FALSE | BX12: =COUNTA(AS12:BW12) -> 31 | BY12: =COUNTIF(AS12:BW12,TRUE) -> 15 | BZ12: =BY12/BX12 -> 0.48387097 | CA12: =IF(BZ12>=0.6,"GOOD IN NOV","BAD IN NOV") -> BAD IN NOV | CB12: =COUNTA(AM12:BW12) -> 37 | CC12: =COUNTIF(AM12:BW12,TRUE) -> 17 | CD12: =CC12/CB12 -> 0.45945946 | CE12: =if(CD12>=0.4,"Good in dec","Bad in dec") -> Good in dec | CF12: =IF(AND(CA12="GOOD IN NOV",CE12="Bad in dec"),"CONNECT","NOT CONNECT") -> NOT CONNECT
A13: Kuldeep Rathore | B13: kuldeeprathore9440@gmail.com | C13: 7389634306 | D13: Indore | E13: =COUNTIF($K13:CF13,TRUE) + COUNTIF($K13:CF13,FALSE) -> 64 | F13: =COUNTIF($K13:CF13,TRUE) -> 42 | G13: =ROUND((F13/E13)*100,0) -> 66 | H13: =COUNTIF(K13:CF13,TRUE)+COUNTIF(K13:CF13,FALSE)-COUNTIF($K$3:CF$3,"Shift 2") -> 49 | I13: =F13- COUNTIFS($K13:CF13,"TRUE",$K$3:CF$3,"Shift 2") -> 40 | J13: =(I13/H13)*100 -> 81.632653 | L13: TRUE | M13: TRUE | N13: TRUE | O13: TRUE | P13: TRUE | Q13: TRUE | R13: FALSE | S13: FALSE | T13: TRUE | U13: FALSE | V13: TRUE | W13: TRUE | X13: FALSE | Y13: TRUE | Z13: FALSE | AA13: TRUE | AB13: TRUE | AC13: TRUE | AD13: FALSE | AE13: TRUE | AF13: TRUE | AG13: FALSE | AH13: TRUE | AI13: FALSE | AJ13: TRUE | AK13: TRUE | AL13: TRUE | AM13: TRUE | AN13: FALSE | AO13: TRUE | AP13: TRUE | AQ13: FALSE | AR13: TRUE | AS13: TRUE | AT13: FALSE | AU13: TRUE | AV13: TRUE | AW13: FALSE | AX13: TRUE | AY13: FALSE | AZ13: FALSE | BA13: TRUE | BB13: FALSE | BC13: FALSE | BD13: FALSE | BE13: TRUE | BF13: FALSE | BG13: TRUE | BH13: TRUE | BI13: FALSE | BJ13: TRUE | BK13: FALSE | BL13: TRUE | BM13: TRUE | BN13: FALSE | BO13: TRUE | BP13: TRUE | BQ13: TRUE | BR13: TRUE | BS13: TRUE | BT13: FALSE | BU13: TRUE | BV13: TRUE | BW13: TRUE | BX13: =COUNTA(AS13:BW13) -> 31 | BY13: =COUNTIF(AS13:BW13,TRUE) -> 19 | BZ13: =BY13/BX13 -> 0.61290323 | CA13: =IF(BZ13>=0.6,"GOOD IN NOV","BAD IN NOV") -> GOOD IN NOV | CB13: =COUNTA(AM13:BW13) -> 37 | CC13: =COUNTIF(AM13:BW13,TRUE) -> 23 | CD13: =CC13/CB13 -> 0.62162162 | CE13: =if(CD13>=0.4,"Good in dec","Bad in dec") -> Good in dec | CF13: =IF(AND(CA13="GOOD IN NOV",CE13="Bad in dec"),"CONNECT","NOT CONNECT") -> NOT CONNECT
A14: Maitri Kashmiri | B14: maitrikashmiri@gmail.com | C14: 7691949111 | D14: Indore | E14: =COUNTIF($K14:CF14,TRUE) + COUNTIF($K14:CF14,FALSE) -> 64 | F14: =COUNTIF($K14:CF14,TRUE) -> 0 | G14: =ROUND((F14/E14)*100,0) -> 0 | H14: =COUNTIF(K14:CF14,TRUE)+COUNTIF(K14:CF14,FALSE)-COUNTIF($K$3:CF$3,"Shift 2") -> 49 | I14: =F14- COUNTIFS($K14:CF14,"TRUE",$K$3:CF$3,"Shift 2") -> 0 | J14: =(I14/H14)*100 -> 0 | L14: FALSE | M14: FALSE | N14: FALSE | O14: FALSE | P14: FALSE | Q14: FALSE | R14: FALSE | S14: FALSE | T14: FALSE | U14: FALSE | V14: FALSE | W14: FALSE | X14: FALSE | Y14: FALSE | Z14: FALSE | AA14: FALSE | AB14: FALSE | AC14: FALSE | AD14: FALSE | AE14: FALSE | AF14: FALSE | AG14: FALSE | AH14: FALSE | AI14: FALSE | AJ14: FALSE | AK14: FALSE | AL14: FALSE | AM14: FALSE | AN14: FALSE | AO14: FALSE | AP14: FALSE | AQ14: FALSE | AR14: FALSE | AS14: FALSE | AT14: FALSE | AU14: FALSE | AV14: FALSE | AW14: FALSE | AX14: FALSE | AY14: FALSE | AZ14: FALSE | BA14: FALSE | BB14: FALSE | BC14: FALSE | BD14: FALSE | BE14: FALSE | BF14: FALSE | BG14: FALSE | BH14: FALSE | BI14: FALSE | BJ14: FALSE | BK14: FALSE | BL14: FALSE | BM14: FALSE | BN14: FALSE | BO14: FALSE | BP14: FALSE | BQ14: FALSE | BR14: FALSE | BS14: FALSE | BT14: FALSE | BU14: FALSE | BV14: FALSE | BW14: FALSE | BX14: =COUNTA(AS14:BW14) -> 31 | BY14: =COUNTIF(AS14:BW14,TRUE) -> 0 | BZ14: =BY14/BX14 -> 0 | CA14: =IF(BZ14>=0.6,"GOOD IN NOV","BAD IN NOV") -> BAD IN NOV | CB14: =COUNTA(AM14:BW14) -> 37 | CC14: =COUNTIF(AM14:BW14,TRUE) -> 0 | CD14: =CC14/CB14 -> 0 | CE14: =if(CD14>=0.4,"Good in dec","Bad in dec") -> Bad in dec | CF14: =IF(AND(CA14="GOOD IN NOV",CE14="Bad in dec"),"CONNECT","NOT CONNECT") -> NOT CONNECT
A15: Mayank Asahiya | B15: mayankasahiya27@gmail.com | C15: 8815188336 | D15: Indore | E15: =COUNTIF($K15:CF15,TRUE) + COUNTIF($K15:CF15,FALSE) -> 64 | F15: =COUNTIF($K15:CF15,TRUE) -> 38 | G15: =ROUND((F15/E15)*100,0) -> 59 | H15: =COUNTIF(K15:CF15,TRUE)+COUNTIF(K15:CF15,FALSE)-COUNTIF($K$3:CF$3,"Shift 2") -> 49 | I15: =F15- COUNTIFS($K15:CF15,"TRUE",$K$3:CF$3,"Shift 2") -> 32 | J15: =(I15/H15)*100 -> 65.306122 | L15: FALSE | M15: FALSE | N15: FALSE | O15: FALSE | P15: TRUE | Q15: TRUE | R15: FALSE | S15: FALSE | T15: FALSE | U15: FALSE | V15: FALSE | W15: FALSE | X15: FALSE | Y15: FALSE | Z15: TRUE | AA15: FALSE | AB15: TRUE | AC15: FALSE | AD15: FALSE | AE15: FALSE | AF15: TRUE | AG15: FALSE | AH15: TRUE | AI15: TRUE | AJ15: TRUE | AK15: TRUE | AL15: TRUE | AM15: TRUE | AN15: FALSE | AO15: TRUE | AP15: TRUE | AQ15: FALSE | AR15: TRUE | AS15: TRUE | AT15: FALSE | AU15: TRUE | AV15: FALSE | AW15: FALSE | AX15: FALSE | AY15: TRUE | AZ15: TRUE | BA15: TRUE | BB15: FALSE | BC15: TRUE | BD15: TRUE | BE15: TRUE | BF15: TRUE | BG15: TRUE | BH15: TRUE | BI15: TRUE | BJ15: TRUE | BK15: TRUE | BL15: TRUE | BM15: TRUE | BN15: TRUE | BO15: TRUE | BP15: TRUE | BQ15: FALSE | BR15: TRUE | BS15: TRUE | BT15: TRUE | BU15: TRUE | BV15: FALSE | BW15: TRUE | BX15: =COUNTA(AS15:BW15) -> 31 | BY15: =COUNTIF(AS15:BW15,TRUE) -> 24 | BZ15: =BY15/BX15 -> 0.77419355 | CA15: =IF(BZ15>=0.6,"GOOD IN NOV","BAD IN NOV") -> GOOD IN NOV | CB15: =COUNTA(AM15:BW15) -> 37 | CC15: =COUNTIF(AM15:BW15,TRUE) -> 28 | CD15: =CC15/CB15 -> 0.75675676 | CE15: =if(CD15>=0.4,"Good in dec","Bad in dec") -> Good in dec | CF15: =IF(AND(CA15="GOOD IN NOV",CE15="Bad in dec"),"CONNECT","NOT CONNECT") -> NOT CONNECT
A16: Mokshini Baglekar | B16: Mokshinibaglekar@gmail.com | C16: 9301892983 | D16: Indore | E16: =COUNTIF($K16:CF16,TRUE) + COUNTIF($K16:CF16,FALSE) -> 64 | F16: =COUNTIF($K16:CF16,TRUE) -> 18 | G16: =ROUND((F16/E16)*100,0) -> 28 | H16: =COUNTIF(K16:CF16,TRUE)+COUNTIF(K16:CF16,FALSE)-COUNTIF($K$3:CF$3,"Shift 2") -> 49 | I16: =F16- COUNTIFS($K16:CF16,"TRUE",$K$3:CF$3,"Shift 2") -> 15 | J16: =(I16/H16)*100 -> 30.612245 | L16: FALSE | M16: FALSE | N16: FALSE | O16: FALSE | P16: FALSE | Q16: FALSE | R16: FALSE | S16: FALSE | T16: FALSE | U16: FALSE | V16: FALSE | W16: FALSE | X16: FALSE | Y16: FALSE | Z16: FALSE | AA16: FALSE | AB16: FALSE | AC16: FALSE | AD16: FALSE | AE16: FALSE | AF16: FALSE | AG16: FALSE | AH16: FALSE | AI16: FALSE | AJ16: FALSE | AK16: FALSE | AL16: FALSE | AM16: TRUE | AN16: FALSE | AO16: TRUE | AP16: FALSE | AQ16: FALSE | AR16: FALSE | AS16: FALSE | AT16: FALSE | AU16: FALSE | AV16: TRUE | AW16: FALSE | AX16: TRUE | AY16: TRUE | AZ16: FALSE | BA16: TRUE | BB16: TRUE | BC16: FALSE | BD16: FALSE | BE16: TRUE | BF16: TRUE | BG16: TRUE | BH16: TRUE | BI16: TRUE | BJ16: TRUE | BK16: TRUE | BL16: TRUE | BM16: TRUE | BN16: FALSE | BO16: FALSE | BP16: TRUE | BQ16: TRUE | BR16: FALSE | BS16: FALSE | BT16: FALSE | BU16: FALSE | BV16: FALSE | BW16: FALSE | BX16: =COUNTA(AS16:BW16) -> 31 | BY16: =COUNTIF(AS16:BW16,TRUE) -> 16 | BZ16: =BY16/BX16 -> 0.51612903 | CA16: =IF(BZ16>=0.6,"GOOD IN NOV","BAD IN NOV") -> BAD IN NOV | CB16: =COUNTA(AM16:BW16) -> 37 | CC16: =COUNTIF(AM16:BW16,TRUE) -> 18 | CD16: =CC16/CB16 -> 0.48648649 | CE16: =if(CD16>=0.4,"Good in dec","Bad in dec") -> Good in dec | CF16: =IF(AND(CA16="GOOD IN NOV",CE16="Bad in dec"),"CONNECT","NOT CONNECT") -> NOT CONNECT
A17: Monu Singh | B17: monumonu7691mo@gmail.com | C17: 7691903352 | D17: Indore | E17: =COUNTIF($K17:CF17,TRUE) + COUNTIF($K17:CF17,FALSE) -> 64 | F17: =COUNTIF($K17:CF17,TRUE) -> 57 | G17: =ROUND((F17/E17)*100,0) -> 89 | H17: =COUNTIF(K17:CF17,TRUE)+COUNTIF(K17:CF17,FALSE)-COUNTIF($K$3:CF$3,"Shift 2") -> 49 | I17: =F17- COUNTIFS($K17:CF17,"TRUE",$K$3:CF$3,"Shift 2") -> 49 | J17: =(I17/H17)*100 -> 100 | L17: TRUE | M17: TRUE | N17: TRUE | O17: TRUE | P17: TRUE | Q17: TRUE | R17: TRUE | S17: TRUE | T17: TRUE | U17: FALSE | V17: TRUE | W17: TRUE | X17: FALSE | Y17: TRUE | Z17: TRUE | AA17: TRUE | AB17: TRUE | AC17: TRUE | AD17: FALSE | AE17: TRUE | AF17: TRUE | AG17: FALSE | AH17: TRUE | AI17: FALSE | AJ17: TRUE | AK17: TRUE | AL17: TRUE | AM17: TRUE | AN17: FALSE | AO17: TRUE | AP17: TRUE | AQ17: FALSE | AR17: TRUE | AS17: TRUE | AT17: TRUE | AU17: TRUE | AV17: TRUE | AW17: TRUE | AX17: TRUE | AY17: TRUE | AZ17: TRUE | BA17: TRUE | BB17: TRUE | BC17: TRUE | BD17: TRUE | BE17: TRUE | BF17: TRUE | BG17: TRUE | BH17: TRUE | BI17: TRUE | BJ17: TRUE | BK17: TRUE | BL17: TRUE | BM17: TRUE | BN17: TRUE | BO17: TRUE | BP17: TRUE | BQ17: TRUE | BR17: TRUE | BS17: TRUE | BT17: TRUE | BU17: TRUE | BV17: TRUE | BW17: TRUE | BX17: =COUNTA(AS17:BW17) -> 31 | BY17: =COUNTIF(AS17:BW17,TRUE) -> 31 | BZ17: =BY17/BX17 -> 1 | CA17: =IF(BZ17>=0.6,"GOOD IN NOV","BAD IN NOV") -> GOOD IN NOV | CB17: =COUNTA(AM17:BW17) -> 37 | CC17: =COUNTIF(AM17:BW17,TRUE) -> 35 | CD17: =CC17/CB17 -> 0.94594595 | CE17: =if(CD17>=0.4,"Good in dec","Bad in dec") -> Good in dec | CF17: =IF(AND(CA17="GOOD IN NOV",CE17="Bad in dec"),"CONNECT","NOT CONNECT") -> NOT CONNECT
A18: Nayan Malviya | B18: nayanranawat78@gmail.com | C18: 9098904715 | D18: Indore | E18: =COUNTIF($K18:CF18,TRUE) + COUNTIF($K18:CF18,FALSE) -> 62 | F18: =COUNTIF($K18:CF18,TRUE) -> 38 | G18: =ROUND((F18/E18)*100,0) -> 61 | H18: =COUNTIF(K18:CF18,TRUE)+COUNTIF(K18:CF18,FALSE)-COUNTIF($K$3:CF$3,"Shift 2") -> 47 | I18: =F18- COUNTIFS($K18:CF18,"TRUE",$K$3:CF$3,"Shift 2") -> 34 | J18: =(I18/H18)*100 -> 72.340426 | L18: TRUE | M18: TRUE | N18: TRUE | O18: FALSE | P18: TRUE | Q18: TRUE | R18: FALSE | S18: TRUE | T18: FALSE | U18: FALSE | V18: TRUE | W18: TRUE | X18: FALSE | Y18: TRUE | Z18: TRUE | AA18: TRUE | AB18: TRUE | AC18: FALSE | AD18: FALSE | AE18: FALSE | AF18: TRUE | AG18: FALSE | AH18: TRUE | AI18: FALSE | AJ18: TRUE | AK18: TRUE | AL18: TRUE | AM18: TRUE | AN18: FALSE | AO18: TRUE | AP18: TRUE | AQ18: FALSE | AR18: TRUE | AS18: TRUE | AT18: FALSE | AU18: TRUE | AV18: FALSE | AW18: TRUE | AX18: TRUE | AY18: TRUE | AZ18: TRUE | BA18: TRUE | BB18: TRUE | BC18: FALSE | BD18: TRUE | BE18: TRUE | BF18: FALSE | BG18: FALSE | BH18: TRUE | BI18: TRUE | BJ18: TRUE | BK18: FALSE | BL18: FALSE | BM18: FALSE | BN18: TRUE | BO18: TRUE | BP18: TRUE | BQ18: FALSE | BR18: FALSE | BS18: TRUE | BT18: FALSE | BU18: FALSE | BX18: =COUNTA(AS18:BW18) -> 29 | BY18: =COUNTIF(AS18:BW18,TRUE) -> 17 | BZ18: =BY18/BX18 -> 0.5862069 | CA18: =IF(BZ18>=0.6,"GOOD IN NOV","BAD IN NOV") -> BAD IN NOV | CB18: =COUNTA(AM18:BW18) -> 35 | CC18: =COUNTIF(AM18:BW18,TRUE) -> 21 | CD18: =CC18/CB18 -> 0.6 | CE18: =if(CD18>=0.4,"Good in dec","Bad in dec") -> Good in dec | CF18: =IF(AND(CA18="GOOD IN NOV",CE18="Bad in dec"),"CONNECT","NOT CONNECT") -> NOT CONNECT
A19: Piyush Tiwari | B19: piyushtiwari11041104@gmail.com | C19: 6265046873 | D19: Indore | E19: =COUNTIF($K19:CF19,TRUE) + COUNTIF($K19:CF19,FALSE) -> 64 | F19: =COUNTIF($K19:CF19,TRUE) -> 27 | G19: =ROUND((F19/E19)*100,0) -> 42 | H19: =COUNTIF(K19:CF19,TRUE)+COUNTIF(K19:CF19,FALSE)-COUNTIF($K$3:CF$3,"Shift 2") -> 49 | I19: =F19- COUNTIFS($K19:CF19,"TRUE",$K$3:CF$3,"Shift 2") -> 24 | J19: =(I19/H19)*100 -> 48.979592 | L19: FALSE | M19: FALSE | N19: FALSE | O19: FALSE | P19: FALSE | Q19: FALSE | R19: FALSE | S19: FALSE | T19: TRUE | U19: FALSE | V19: TRUE | W19: TRUE | X19: TRUE | Y19: TRUE | Z19: TRUE | AA19: TRUE | AB19: TRUE | AC19: FALSE | AD19: FALSE | AE19: TRUE | AF19: FALSE | AG19: FALSE | AH19: TRUE | AI19: FALSE | AJ19: TRUE | AK19: TRUE | AL19: FALSE | AM19: TRUE | AN19: FALSE | AO19: TRUE | AP19: TRUE | AQ19: FALSE | AR19: TRUE | AS19: FALSE | AT19: FALSE | AU19: TRUE | AV19: TRUE | AW19: FALSE | AX19: TRUE | AY19: TRUE | AZ19: FALSE | BA19: TRUE | BB19: TRUE | BC19: FALSE | BD19: FALSE | BE19: FALSE | BF19: TRUE | BG19: TRUE | BH19: FALSE | BI19: FALSE | BJ19: FALSE | BK19: FALSE | BL19: FALSE | BM19: FALSE | BN19: FALSE | BO19: FALSE | BP19: FALSE | BQ19: TRUE | BR19: TRUE | BS19: TRUE | BT19: FALSE | BU19: FALSE | BV19: FALSE | BW19: FALSE | BX19: =COUNTA(AS19:BW19) -> 31 | BY19: =COUNTIF(AS19:BW19,TRUE) -> 11 | BZ19: =BY19/BX19 -> 0.35483871 | CA19: =IF(BZ19>=0.6,"GOOD IN NOV","BAD IN NOV") -> BAD IN NOV | CB19: =COUNTA(AM19:BW19) -> 37 | CC19: =COUNTIF(AM19:BW19,TRUE) -> 15 | CD19: =CC19/CB19 -> 0.40540541 | CE19: =if(CD19>=0.4,"Good in dec","Bad in dec") -> Good in dec | CF19: =IF(AND(CA19="GOOD IN NOV",CE19="Bad in dec"),"CONNECT","NOT CONNECT") -> NOT CONNECT
A20: Prachi Patel | B20: prachipatel572002@gmail.com | C20: 9669099261 | D20: Indore | E20: =COUNTIF($K20:CF20,TRUE) + COUNTIF($K20:CF20,FALSE) -> 64 | F20: =COUNTIF($K20:CF20,TRUE) -> 42 | G20: =ROUND((F20/E20)*100,0) -> 66 | H20: =COUNTIF(K20:CF20,TRUE)+COUNTIF(K20:CF20,FALSE)-COUNTIF($K$3:CF$3,"Shift 2") -> 49 | I20: =F20- COUNTIFS($K20:CF20,"TRUE",$K$3:CF$3,"Shift 2") -> 38 | J20: =(I20/H20)*100 -> 77.55102 | L20: TRUE | M20: TRUE | N20: FALSE | O20: TRUE | P20: FALSE | Q20: TRUE | R20: TRUE | S20: TRUE | T20: TRUE | U20: FALSE | V20: TRUE | W20: TRUE | X20: FALSE | Y20: TRUE | Z20: TRUE | AA20: FALSE | AB20: TRUE | AC20: TRUE | AD20: FALSE | AE20: TRUE | AF20: TRUE | AG20: FALSE | AH20: TRUE | AI20: FALSE | AJ20: FALSE | AK20: TRUE | AL20: TRUE | AM20: TRUE | AN20: FALSE | AO20: TRUE | AP20: TRUE | AQ20: FALSE | AR20: TRUE | AS20: FALSE | AT20: FALSE | AU20: TRUE | AV20: FALSE | AW20: FALSE | AX20: TRUE | AY20: TRUE | AZ20: FALSE | BA20: FALSE | BB20: TRUE | BC20: TRUE | BD20: TRUE | BE20: TRUE | BF20: TRUE | BG20: TRUE | BH20: TRUE | BI20: TRUE | BJ20: TRUE | BK20: TRUE | BL20: TRUE | BM20: TRUE | BN20: FALSE | BO20: TRUE | BP20: TRUE | BQ20: TRUE | BR20: TRUE | BS20: TRUE | BT20: FALSE | BU20: FALSE | BV20: FALSE | BW20: FALSE | BX20: =COUNTA(AS20:BW20) -> 31 | BY20: =COUNTIF(AS20:BW20,TRUE) -> 20 | BZ20: =BY20/BX20 -> 0.64516129 | CA20: =IF(BZ20>=0.6,"GOOD IN NOV","BAD IN NOV") -> GOOD IN NOV | CB20: =COUNTA(AM20:BW20) -> 37 | CC20: =COUNTIF(AM20:BW20,TRUE) -> 24 | CD20: =CC20/CB20 -> 0.64864865 | CE20: =if(CD20>=0.4,"Good in dec","Bad in dec") -> Good in dec | CF20: =IF(AND(CA20="GOOD IN NOV",CE20="Bad in dec"),"CONNECT","NOT CONNECT") -> NOT CONNECT
A21: Priyanshu Patidar | B21: priyanshupatidar5619@gmail.com | C21: 7724016227 | D21: Indore | E21: =COUNTIF($K21:CF21,TRUE) + COUNTIF($K21:CF21,FALSE) -> 64 | F21: =COUNTIF($K21:CF21,TRUE) -> 50 | G21: =ROUND((F21/E21)*100,0) -> 78 | H21: =COUNTIF(K21:CF21,TRUE)+COUNTIF(K21:CF21,FALSE)-COUNTIF($K$3:CF$3,"Shift 2") -> 49 | I21: =F21- COUNTIFS($K21:CF21,"TRUE",$K$3:CF$3,"Shift 2") -> 44 | J21: =(I21/H21)*100 -> 89.795918 | L21: TRUE | M21: TRUE | N21: FALSE | O21: TRUE | P21: TRUE | Q21: TRUE | R21: FALSE | S21: FALSE | T21: TRUE | U21: FALSE | V21: TRUE | W21: TRUE | X21: FALSE | Y21: TRUE | Z21: TRUE | AA21: FALSE | AB21: FALSE | AC21: TRUE | AD21: FALSE | AE21: TRUE | AF21: TRUE | AG21: FALSE | AH21: TRUE | AI21: FALSE | AJ21: TRUE | AK21: TRUE | AL21: TRUE | AM21: TRUE | AN21: FALSE | AO21: TRUE | AP21: TRUE | AQ21: TRUE | AR21: TRUE | AS21: TRUE | AT21: TRUE | AU21: TRUE | AV21: TRUE | AW21: FALSE | AX21: FALSE | AY21: TRUE | AZ21: TRUE | BA21: TRUE | BB21: TRUE | BC21: TRUE | BD21: TRUE | BE21: TRUE | BF21: FALSE | BG21: TRUE | BH21: TRUE | BI21: TRUE | BJ21: TRUE | BK21: TRUE | BL21: TRUE | BM21: TRUE | BN21: TRUE | BO21: TRUE | BP21: TRUE | BQ21: TRUE | BR21: TRUE | BS21: TRUE | BT21: TRUE | BU21: TRUE | BV21: TRUE | BW21: TRUE | BX21: =COUNTA(AS21:BW21) -> 31 | BY21: =COUNTIF(AS21:BW21,TRUE) -> 28 | BZ21: =BY21/BX21 -> 0.90322581 | CA21: =IF(BZ21>=0.6,"GOOD IN NOV","BAD IN NOV") -> GOOD IN NOV | CB21: =COUNTA(AM21:BW21) -> 37 | CC21: =COUNTIF(AM21:BW21,TRUE) -> 33 | CD21: =CC21/CB21 -> 0.89189189 | CE21: =if(CD21>=0.4,"Good in dec","Bad in dec") -> Good in dec | CF21: =IF(AND(CA21="GOOD IN NOV",CE21="Bad in dec"),"CONNECT","NOT CONNECT") -> NOT CONNECT
A22: Raghav Mahajan | B22: raghavmahajan965@gmail.com | C22: 7566364655 | D22: Indore | E22: =COUNTIF($K22:CF22,TRUE) + COUNTIF($K22:CF22,FALSE) -> 64 | F22: =COUNTIF($K22:CF22,TRUE) -> 31 | G22: =ROUND((F22/E22)*100,0) -> 48 | H22: =COUNTIF(K22:CF22,TRUE)+COUNTIF(K22:CF22,FALSE)-COUNTIF($K$3:CF$3,"Shift 2") -> 49 | I22: =F22- COUNTIFS($K22:CF22,"TRUE",$K$3:CF$3,"Shift 2") -> 30 | J22: =(I22/H22)*100 -> 61.22449 | L22: FALSE | M22: FALSE | N22: TRUE | O22: FALSE | P22: FALSE | Q22: FALSE | R22: TRUE | S22: TRUE | T22: TRUE | U22: FALSE | V22: TRUE | W22: TRUE | X22: FALSE | Y22: TRUE | Z22: TRUE | AA22: FALSE | AB22: TRUE | AC22: TRUE | AD22: FALSE | AE22: TRUE | AF22: TRUE | AG22: FALSE | AH22: TRUE | AI22: FALSE | AJ22: TRUE | AK22: TRUE | AL22: TRUE | AM22: FALSE | AN22: FALSE | AO22: FALSE | AP22: TRUE | AQ22: FALSE | AR22: TRUE | AS22: FALSE | AT22: FALSE | AU22: FALSE | AV22: FALSE | AW22: FALSE | AX22: TRUE | AY22: TRUE | AZ22: FALSE | BA22: TRUE | BB22: FALSE | BC22: FALSE | BD22: TRUE | BE22: TRUE | BF22: FALSE | BG22: TRUE | BH22: TRUE | BI22: TRUE | BJ22: TRUE | BK22: FALSE | BL22: FALSE | BM22: FALSE | BN22: TRUE | BO22: TRUE | BP22: FALSE | BQ22: TRUE | BR22: FALSE | BS22: FALSE | BT22: TRUE | BU22: FALSE | BV22: FALSE | BW22: FALSE | BX22: =COUNTA(AS22:BW22) -> 31 | BY22: =COUNTIF(AS22:BW22,TRUE) -> 13 | BZ22: =BY22/BX22 -> 0.41935484 | CA22: =IF(BZ22>=0.6,"GOOD IN NOV","BAD IN NOV") -> BAD IN NOV | CB22: =COUNTA(AM22:BW22) -> 37 | CC22: =COUNTIF(AM22:BW22,TRUE) -> 15 | CD22: =CC22/CB22 -> 0.40540541 | CE22: =if(CD22>=0.4,"Good in dec","Bad in dec") -> Good in dec | CF22: =IF(AND(CA22="GOOD IN NOV",CE22="Bad in dec"),"CONNECT","NOT CONNECT") -> NOT CONNECT
A23: Rudra Shrotriya | B23: shrotriyarudra@gmail.com | C23: 8305563340 | D23: Indore | E23: =COUNTIF($K23:CF23,TRUE) + COUNTIF($K23:CF23,FALSE) -> 64 | F23: =COUNTIF($K23:CF23,TRUE) -> 36 | G23: =ROUND((F23/E23)*100,0) -> 56 | H23: =COUNTIF(K23:CF23,TRUE)+COUNTIF(K23:CF23,FALSE)-COUNTIF($K$3:CF$3,"Shift 2") -> 49 | I23: =F23- COUNTIFS($K23:CF23,"TRUE",$K$3:CF$3,"Shift 2") -> 34 | J23: =(I23/H23)*100 -> 69.387755 | L23: FALSE | M23: FALSE | N23: FALSE | O23: FALSE | P23: TRUE | Q23: TRUE | R23: TRUE | S23: FALSE | T23: FALSE | U23: FALSE | V23: TRUE | W23: TRUE | X23: FALSE | Y23: TRUE | Z23: TRUE | AA23: FALSE | AB23: TRUE | AC23: FALSE | AD23: FALSE | AE23: FALSE | AF23: TRUE | AG23: FALSE | AH23: TRUE | AI23: FALSE | AJ23: TRUE | AK23: TRUE | AL23: TRUE | AM23: TRUE | AN23: FALSE | AO23: TRUE | AP23: TRUE | AQ23: TRUE | AR23: TRUE | AS23: FALSE | AT23: FALSE | AU23: FALSE | AV23: TRUE | AW23: FALSE | AX23: FALSE | AY23: TRUE | AZ23: FALSE | BA23: TRUE | BB23: TRUE | BC23: FALSE | BD23: FALSE | BE23: TRUE | BF23: FALSE | BG23: TRUE | BH23: TRUE | BI23: TRUE | BJ23: TRUE | BK23: FALSE | BL23: FALSE | BM23: FALSE | BN23: TRUE | BO23: TRUE | BP23: TRUE | BQ23: TRUE | BR23: TRUE | BS23: TRUE | BT23: FALSE | BU23: TRUE | BV23: TRUE | BW23: TRUE | BX23: =COUNTA(AS23:BW23) -> 31 | BY23: =COUNTIF(AS23:BW23,TRUE) -> 18 | BZ23: =BY23/BX23 -> 0.58064516 | CA23: =IF(BZ23>=0.6,"GOOD IN NOV","BAD IN NOV") -> BAD IN NOV | CB23: =COUNTA(AM23:BW23) -> 37 | CC23: =COUNTIF(AM23:BW23,TRUE) -> 23 | CD23: =CC23/CB23 -> 0.62162162 | CE23: =if(CD23>=0.4,"Good in dec","Bad in dec") -> Good in dec | CF23: =IF(AND(CA23="GOOD IN NOV",CE23="Bad in dec"),"CONNECT","NOT CONNECT") -> NOT CONNECT
A24: Sachin Sahu | B24: sachinsahu1036@gmail.com | C24: 7489249341 | D24: Indore | E24: =COUNTIF($K24:CF24,TRUE) + COUNTIF($K24:CF24,FALSE) -> 64 | F24: =COUNTIF($K24:CF24,TRUE) -> 13 | G24: =ROUND((F24/E24)*100,0) -> 20 | H24: =COUNTIF(K24:CF24,TRUE)+COUNTIF(K24:CF24,FALSE)-COUNTIF($K$3:CF$3,"Shift 2") -> 49 | I24: =F24- COUNTIFS($K24:CF24,"TRUE",$K$3:CF$3,"Shift 2") -> 12 | J24: =(I24/H24)*100 -> 24.489796 | L24: FALSE | M24: FALSE | N24: FALSE | O24: FALSE | P24: FALSE | Q24: FALSE | R24: FALSE | S24: FALSE | T24: FALSE | U24: FALSE | V24: FALSE | W24: FALSE | X24: FALSE | Y24: FALSE | Z24: FALSE | AA24: FALSE | AB24: FALSE | AC24: FALSE | AD24: FALSE | AE24: FALSE | AF24: FALSE | AG24: FALSE | AH24: FALSE | AI24: FALSE | AJ24: FALSE | AK24: FALSE | AL24: FALSE | AM24: FALSE | AN24: FALSE | AO24: FALSE | AP24: FALSE | AQ24: FALSE | AR24: FALSE | AS24: FALSE | AT24: FALSE | AU24: FALSE | AV24: FALSE | AW24: FALSE | AX24: FALSE | AY24: FALSE | AZ24: FALSE | BA24: TRUE | BB24: FALSE | BC24: FALSE | BD24: FALSE | BE24: FALSE | BF24: FALSE | BG24: TRUE | BH24: FALSE | BI24: FALSE | BJ24: FALSE | BK24: TRUE | BL24: TRUE | BM24: TRUE | BN24: TRUE | BO24: TRUE | BP24: TRUE | BQ24: TRUE | BR24: TRUE | BS24: TRUE | BT24: TRUE | BU24: TRUE | BV24: FALSE | BW24: FALSE | BX24: =COUNTA(AS24:BW24) -> 31 | BY24: =COUNTIF(AS24:BW24,TRUE) -> 13 | BZ24: =BY24/BX24 -> 0.41935484 | CA24: =IF(BZ24>=0.6,"GOOD IN NOV","BAD IN NOV") -> BAD IN NOV | CB24: =COUNTA(AM24:BW24) -> 37 | CC24: =COUNTIF(AM24:BW24,TRUE) -> 13 | CD24: =CC24/CB24 -> 0.35135135 | CE24: =if(CD24>=0.4,"Good in dec","Bad in dec") -> Bad in dec | CF24: =IF(AND(CA24="GOOD IN NOV",CE24="Bad in dec"),"CONNECT","NOT CONNECT") -> NOT CONNECT
A25: Sanskriti Patil | B25: sanskritigurjar@gmail.com | C25: 8989224411 | D25: Indore | E25: =COUNTIF($K25:CF25,TRUE) + COUNTIF($K25:CF25,FALSE) -> 64 | F25: =COUNTIF($K25:CF25,TRUE) -> 40 | G25: =ROUND((F25/E25)*100,0) -> 63 | H25: =COUNTIF(K25:CF25,TRUE)+COUNTIF(K25:CF25,FALSE)-COUNTIF($K$3:CF$3,"Shift 2") -> 49 | I25: =F25- COUNTIFS($K25:CF25,"TRUE",$K$3:CF$3,"Shift 2") -> 38 | J25: =(I25/H25)*100 -> 77.55102 | L25: FALSE | M25: FALSE | N25: FALSE | O25: FALSE | P25: FALSE | Q25: TRUE | R25: TRUE | S25: FALSE | T25: FALSE | U25: FALSE | V25: TRUE | W25: TRUE | X25: FALSE | Y25: TRUE | Z25: TRUE | AA25: FALSE | AB25: TRUE | AC25: FALSE | AD25: FALSE | AE25: FALSE | AF25: TRUE | AG25: FALSE | AH25: TRUE | AI25: FALSE | AJ25: TRUE | AK25: TRUE | AL25: TRUE | AM25: TRUE | AN25: FALSE | AO25: TRUE | AP25: TRUE | AQ25: FALSE | AR25: TRUE | AS25: FALSE | AT25: FALSE | AU25: FALSE | AV25: TRUE | AW25: FALSE | AX25: TRUE | AY25: TRUE | AZ25: FALSE | BA25: TRUE | BB25: TRUE | BC25: FALSE | BD25: TRUE | BE25: TRUE | BF25: FALSE | BG25: TRUE | BH25: TRUE | BI25: TRUE | BJ25: TRUE | BK25: TRUE | BL25: TRUE | BM25: TRUE | BN25: TRUE | BO25: TRUE | BP25: TRUE | BQ25: TRUE | BR25: TRUE | BS25: TRUE | BT25: TRUE | BU25: TRUE | BV25: TRUE | BW25: TRUE | BX25: =COUNTA(AS25:BW25) -> 31 | BY25: =COUNTIF(AS25:BW25,TRUE) -> 24 | BZ25: =BY25/BX25 -> 0.77419355 | CA25: =IF(BZ25>=0.6,"GOOD IN NOV","BAD IN NOV") -> GOOD IN NOV | CB25: =COUNTA(AM25:BW25) -> 37 | CC25: =COUNTIF(AM25:BW25,TRUE) -> 28 | CD25: =CC25/CB25 -> 0.75675676 | CE25: =if(CD25>=0.4,"Good in dec","Bad in dec") -> Good in dec | CF25: =IF(AND(CA25="GOOD IN NOV",CE25="Bad in dec"),"CONNECT","NOT CONNECT") -> NOT CONNECT
A26: Shivam Shelke | B26: shivamshelke254@gmail.com | C26: 7724026334 | D26: Indore | E26: =COUNTIF($K26:CF26,TRUE) + COUNTIF($K26:CF26,FALSE) -> 64 | F26: =COUNTIF($K26:CF26,TRUE) -> 49 | G26: =ROUND((F26/E26)*100,0) -> 77 | H26: =COUNTIF(K26:CF26,TRUE)+COUNTIF(K26:CF26,FALSE)-COUNTIF($K$3:CF$3,"Shift 2") -> 49 | I26: =F26- COUNTIFS($K26:CF26,"TRUE",$K$3:CF$3,"Shift 2") -> 41 | J26: =(I26/H26)*100 -> 83.673469 | L26: TRUE | M26: TRUE | N26: FALSE | O26: TRUE | P26: TRUE | Q26: TRUE | R26: TRUE | S26: TRUE | T26: TRUE | U26: FALSE | V26: TRUE | W26: TRUE | X26: FALSE | Y26: TRUE | Z26: TRUE | AA26: TRUE | AB26: TRUE | AC26: TRUE | AD26: FALSE | AE26: TRUE | AF26: FALSE | AG26: TRUE | AH26: TRUE | AI26: FALSE | AJ26: TRUE | AK26: TRUE | AL26: TRUE | AM26: FALSE | AN26: FALSE | AO26: TRUE | AP26: TRUE | AQ26: TRUE | AR26: TRUE | AS26: TRUE | AT26: TRUE | AU26: TRUE | AV26: TRUE | AW26: TRUE | AX26: TRUE | AY26: TRUE | AZ26: TRUE | BA26: TRUE | BB26: TRUE | BC26: TRUE | BD26: TRUE | BE26: TRUE | BF26: FALSE | BG26: TRUE | BH26: TRUE | BI26: FALSE | BJ26: FALSE | BK26: TRUE | BL26: TRUE | BM26: TRUE | BN26: TRUE | BO26: TRUE | BP26: TRUE | BQ26: TRUE | BR26: TRUE | BS26: TRUE | BT26: FALSE | BU26: FALSE | BV26: FALSE | BW26: FALSE | BX26: =COUNTA(AS26:BW26) -> 31 | BY26: =COUNTIF(AS26:BW26,TRUE) -> 24 | BZ26: =BY26/BX26 -> 0.77419355 | CA26: =IF(BZ26>=0.6,"GOOD IN NOV","BAD IN NOV") -> GOOD IN NOV | CB26: =COUNTA(AM26:BW26) -> 37 | CC26: =COUNTIF(AM26:BW26,TRUE) -> 28 | CD26: =CC26/CB26 -> 0.75675676 | CE26: =if(CD26>=0.4,"Good in dec","Bad in dec") -> Good in dec | CF26: =IF(AND(CA26="GOOD IN NOV",CE26="Bad in dec"),"CONNECT","NOT CONNECT") -> NOT CONNECT
A27: Shivam Tripathi | B27: Stripathi4876@gmail.com | C27: 6261208093 | D27: Indore | E27: =COUNTIF($K27:CF27,TRUE) + COUNTIF($K27:CF27,FALSE) -> 64 | F27: =COUNTIF($K27:CF27,TRUE) -> 32 | G27: =ROUND((F27/E27)*100,0) -> 50 | H27: =COUNTIF(K27:CF27,TRUE)+COUNTIF(K27:CF27,FALSE)-COUNTIF($K$3:CF$3,"Shift 2") -> 49 | I27: =F27- COUNTIFS($K27:CF27,"TRUE",$K$3:CF$3,"Shift 2") -> 30 | J27: =(I27/H27)*100 -> 61.22449 | L27: TRUE | M27: FALSE | N27: TRUE | O27: FALSE | P27: TRUE | Q27: FALSE | R27: TRUE | S27: FALSE | T27: FALSE | U27: FALSE | V27: FALSE | W27: FALSE | X27: FALSE | Y27: FALSE | Z27: TRUE | AA27: FALSE | AB27: FALSE | AC27: FALSE | AD27: FALSE | AE27: FALSE | AF27: TRUE | AG27: FALSE | AH27: TRUE | AI27: FALSE | AJ27: TRUE | AK27: TRUE | AL27: TRUE | AM27: TRUE | AN27: FALSE | AO27: TRUE | AP27: TRUE | AQ27: FALSE | AR27: TRUE | AS27: TRUE | AT27: FALSE | AU27: TRUE | AV27: TRUE | AW27: TRUE | AX27: TRUE | AY27: TRUE | AZ27: FALSE | BA27: TRUE | BB27: TRUE | BC27: FALSE | BD27: FALSE | BE27: FALSE | BF27: FALSE | BG27: FALSE | BH27: FALSE | BI27: FALSE | BJ27: TRUE | BK27: TRUE | BL27: TRUE | BM27: TRUE | BN27: TRUE | BO27: TRUE | BP27: TRUE | BQ27: TRUE | BR27: TRUE | BS27: TRUE | BT27: FALSE | BU27: FALSE | BV27: FALSE | BW27: FALSE | BX27: =COUNTA(AS27:BW27) -> 31 | BY27: =COUNTIF(AS27:BW27,TRUE) -> 18 | BZ27: =BY27/BX27 -> 0.58064516 | CA27: =IF(BZ27>=0.6,"GOOD IN NOV","BAD IN NOV") -> BAD IN NOV | CB27: =COUNTA(AM27:BW27) -> 37 | CC27: =COUNTIF(AM27:BW27,TRUE) -> 22 | CD27: =CC27/CB27 -> 0.59459459 | CE27: =if(CD27>=0.4,"Good in dec","Bad in dec") -> Good in dec | CF27: =IF(AND(CA27="GOOD IN NOV",CE27="Bad in dec"),"CONNECT","NOT CONNECT") -> NOT CONNECT
A28: Shivangi Singh | B28: shivangisingh05052005@gmail.com | C28: 8602245009 | D28: Indore | E28: =COUNTIF($K28:CF28,TRUE) + COUNTIF($K28:CF28,FALSE) -> 64 | F28: =COUNTIF($K28:CF28,TRUE) -> 29 | G28: =ROUND((F28/E28)*100,0) -> 45 | H28: =COUNTIF(K28:CF28,TRUE)+COUNTIF(K28:CF28,FALSE)-COUNTIF($K$3:CF$3,"Shift 2") -> 49 | I28: =F28- COUNTIFS($K28:CF28,"TRUE",$K$3:CF$3,"Shift 2") -> 26 | J28: =(I28/H28)*100 -> 53.061224 | L28: FALSE | M28: FALSE | N28: FALSE | O28: FALSE | P28: FALSE | Q28: FALSE | R28: FALSE | S28: FALSE | T28: FALSE | U28: FALSE | V28: TRUE | W28: TRUE | X28: FALSE | Y28: TRUE | Z28: TRUE | AA28: FALSE | AB28: TRUE | AC28: TRUE | AD28: FALSE | AE28: TRUE | AF28: TRUE | AG28: FALSE | AH28: TRUE | AI28: FALSE | AJ28: TRUE | AK28: TRUE | AL28: TRUE | AM28: TRUE | AN28: FALSE | AO28: TRUE | AP28: TRUE | AQ28: TRUE | AR28: TRUE | AS28: TRUE | AT28: FALSE | AU28: TRUE | AV28: TRUE | AW28: TRUE | AX28: TRUE | AY28: TRUE | AZ28: FALSE | BA28: TRUE | BB28: TRUE | BC28: TRUE | BD28: TRUE | BE28: TRUE | BF28: FALSE | BG28: TRUE | BH28: FALSE | BI28: FALSE | BJ28: FALSE | BK28: FALSE | BL28: FALSE | BM28: FALSE | BN28: FALSE | BO28: FALSE | BP28: FALSE | BQ28: FALSE | BR28: FALSE | BS28: FALSE | BT28: FALSE | BU28: FALSE | BV28: FALSE | BW28: FALSE | BX28: =COUNTA(AS28:BW28) -> 31 | BY28: =COUNTIF(AS28:BW28,TRUE) -> 12 | BZ28: =BY28/BX28 -> 0.38709677 | CA28: =IF(BZ28>=0.6,"GOOD IN NOV","BAD IN NOV") -> BAD IN NOV | CB28: =COUNTA(AM28:BW28) -> 37 | CC28: =COUNTIF(AM28:BW28,TRUE) -> 17 | CD28: =CC28/CB28 -> 0.45945946 | CE28: =if(CD28>=0.4,"Good in dec","Bad in dec") -> Good in dec | CF28: =IF(AND(CA28="GOOD IN NOV",CE28="Bad in dec"),"CONNECT","NOT CONNECT") -> NOT CONNECT
A29: Shubham Singh Chouhan | B29: shubhamschauhan31@gmail.com | C29: 9754884661 | D29: Indore | E29: =COUNTIF($K29:CF29,TRUE) + COUNTIF($K29:CF29,FALSE) -> 64 | F29: =COUNTIF($K29:CF29,TRUE) -> 50 | G29: =ROUND((F29/E29)*100,0) -> 78 | H29: =COUNTIF(K29:CF29,TRUE)+COUNTIF(K29:CF29,FALSE)-COUNTIF($K$3:CF$3,"Shift 2") -> 49 | I29: =F29- COUNTIFS($K29:CF29,"TRUE",$K$3:CF$3,"Shift 2") -> 44 | J29: =(I29/H29)*100 -> 89.795918 | L29: TRUE | M29: TRUE | N29: TRUE | O29: TRUE | P29: FALSE | Q29: TRUE | R29: TRUE | S29: TRUE | T29: TRUE | U29: TRUE | V29: TRUE | W29: TRUE | X29: FALSE | Y29: TRUE | Z29: TRUE | AA29: TRUE | AB29: TRUE | AC29: TRUE | AD29: FALSE | AE29: TRUE | AF29: TRUE | AG29: FALSE | AH29: TRUE | AI29: TRUE | AJ29: TRUE | AK29: TRUE | AL29: TRUE | AM29: TRUE | AN29: FALSE | AO29: TRUE | AP29: TRUE | AQ29: FALSE | AR29: TRUE | AS29: TRUE | AT29: FALSE | AU29: FALSE | AV29: TRUE | AW29: TRUE | AX29: TRUE | AY29: TRUE | AZ29: TRUE | BA29: TRUE | BB29: FALSE | BC29: FALSE | BD29: FALSE | BE29: FALSE | BF29: FALSE | BG29: TRUE | BH29: TRUE | BI29: FALSE | BJ29: TRUE | BK29: TRUE | BL29: TRUE | BM29: TRUE | BN29: TRUE | BO29: TRUE | BP29: TRUE | BQ29: TRUE | BR29: TRUE | BS29: TRUE | BT29: TRUE | BU29: TRUE | BV29: TRUE | BW29: TRUE | BX29: =COUNTA(AS29:BW29) -> 31 | BY29: =COUNTIF(AS29:BW29,TRUE) -> 23 | BZ29: =BY29/BX29 -> 0.74193548 | CA29: =IF(BZ29>=0.6,"GOOD IN NOV","BAD IN NOV") -> GOOD IN NOV | CB29: =COUNTA(AM29:BW29) -> 37 | CC29: =COUNTIF(AM29:BW29,TRUE) -> 27 | CD29: =CC29/CB29 -> 0.72972973 | CE29: =if(CD29>=0.4,"Good in dec","Bad in dec") -> Good in dec | CF29: =IF(AND(CA29="GOOD IN NOV",CE29="Bad in dec"),"CONNECT","NOT CONNECT") -> NOT CONNECT
A30: Shubhangi Tiwari | B30: shubhangitiwari4113@gmail.com | C30: 9993724306 | D30: Indore | E30: =COUNTIF($K30:CF30,TRUE) + COUNTIF($K30:CF30,FALSE) -> 64 | F30: =COUNTIF($K30:CF30,TRUE) -> 14 | G30: =ROUND((F30/E30)*100,0) -> 22 | H30: =COUNTIF(K30:CF30,TRUE)+COUNTIF(K30:CF30,FALSE)-COUNTIF($K$3:CF$3,"Shift 2") -> 49 | I30: =F30- COUNTIFS($K30:CF30,"TRUE",$K$3:CF$3,"Shift 2") -> 14 | J30: =(I30/H30)*100 -> 28.571429 | L30: FALSE | M30: FALSE | N30: FALSE | O30: FALSE | P30: FALSE | Q30: FALSE | R30: FALSE | S30: FALSE | T30: FALSE | U30: FALSE | V30: FALSE | W30: FALSE | X30: FALSE | Y30: FALSE | Z30: FALSE | AA30: FALSE | AB30: FALSE | AC30: FALSE | AD30: FALSE | AE30: TRUE | AF30: FALSE | AG30: FALSE | AH30: FALSE | AI30: FALSE | AJ30: FALSE | AK30: TRUE | AL30: TRUE | AM30: TRUE | AN30: FALSE | AO30: TRUE | AP30: FALSE | AQ30: FALSE | AR30: TRUE | AS30: FALSE | AT30: FALSE | AU30: FALSE | AV30: FALSE | AW30: FALSE | AX30: FALSE | AY30: FALSE | AZ30: FALSE | BA30: FALSE | BB30: FALSE | BC30: FALSE | BD30: FALSE | BE30: FALSE | BF30: FALSE | BG30: FALSE | BH30: FALSE | BI30: FALSE | BJ30: FALSE | BK30: FALSE | BL30: FALSE | BM30: FALSE | BN30: TRUE | BO30: TRUE | BP30: TRUE | BQ30: TRUE | BR30: TRUE | BS30: TRUE | BT30: TRUE | BU30: TRUE | BV30: FALSE | BW30: FALSE | BX30: =COUNTA(AS30:BW30) -> 31 | BY30: =COUNTIF(AS30:BW30,TRUE) -> 8 | BZ30: =BY30/BX30 -> 0.25806452 | CA30: =IF(BZ30>=0.6,"GOOD IN NOV","BAD IN NOV") -> BAD IN NOV | CB30: =COUNTA(AM30:BW30) -> 37 | CC30: =COUNTIF(AM30:BW30,TRUE) -> 11 | CD30: =CC30/CB30 -> 0.2972973 | CE30: =if(CD30>=0.4,"Good in dec","Bad in dec") -> Bad in dec | CF30: =IF(AND(CA30="GOOD IN NOV",CE30="Bad in dec"),"CONNECT","NOT CONNECT") -> NOT CONNECT
... A40: Abhishek singh | B40: singhabhishek76785@gmail.com | C40: 6306239288 | D40: Lucknow | E40: =COUNTIF($K40:CF40,TRUE) + COUNTIF($K40:CF40,FALSE) -> 64 | F40: =COUNTIF($K40:CF40,TRUE) -> 46 | G40: =ROUND((F40/E40)*100,0) -> 72 | H40: =COUNTIF(K40:CF40,TRUE)+COUNTIF(K40:CF40,FALSE)-COUNTIF($K$3:CF$3,"Shift 2") -> 49 | I40: =F40- COUNTIFS($K40:CF40,"TRUE",$K$3:CF$3,"Shift 2") -> 39 | J40: =(I40/H40)*100 -> 79.591837 | L40: TRUE | M40: TRUE | N40: TRUE | O40: TRUE | P40: FALSE | Q40: FALSE | R40: TRUE | S40: FALSE | T40: FALSE | U40: FALSE | V40: TRUE | W40: TRUE | X40: FALSE | Y40: FALSE | Z40: TRUE | AA40: TRUE | AB40: TRUE | AC40: TRUE | AD40: TRUE | AE40: TRUE | AF40: TRUE | AG40: FALSE | AH40: TRUE | AI40: FALSE | AJ40: TRUE | AK40: TRUE | AL40: FALSE | AM40: TRUE | AN40: FALSE | AO40: FALSE | AP40: TRUE | AQ40: FALSE | AR40: FALSE | AS40: FALSE | AT40: TRUE | AU40: TRUE | AV40: TRUE | AW40: FALSE | AX40: TRUE | AY40: TRUE | AZ40: TRUE | BA40: TRUE | BB40: TRUE | BC40: TRUE | BD40: TRUE | BE40: TRUE | BF40: FALSE | BG40: TRUE | BH40: FALSE | BI40: TRUE | BJ40: TRUE | BK40: TRUE | BL40: TRUE | BM40: TRUE | BN40: TRUE | BO40: TRUE | BP40: TRUE | BQ40: TRUE | BR40: TRUE | BS40: TRUE | BT40: TRUE | BU40: TRUE | BV40: TRUE | BW40: TRUE | BX40: =COUNTA(AS40:BW40) -> 31 | BY40: =COUNTIF(AS40:BW40,TRUE) -> 27 | BZ40: =BY40/BX40 -> 0.87096774 | CA40: =IF(BZ40>=0.6,"GOOD IN NOV","BAD IN NOV") -> GOOD IN NOV | CB40: =COUNTA(AM40:BW40) -> 37 | CC40: =COUNTIF(AM40:BW40,TRUE) -> 29 | CD40: =CC40/CB40 -> 0.78378378 | CE40: =if(CD40>=0.4,"Good in dec","Bad in dec") -> Good in dec | CF40: =IF(AND(CA40="GOOD IN NOV",CE40="Bad in dec"),"CONNECT","NOT CONNECT") -> NOT CONNECT
A41: Ajit Kumar | C41: 8808148079 | D41: Lucknow | E41: =COUNTIF($K41:CF41,TRUE) + COUNTIF($K41:CF41,FALSE) -> 64 | F41: =COUNTIF($K41:CF41,TRUE) -> 2 | G41: =ROUND((F41/E41)*100,0) -> 3 | H41: =COUNTIF(K41:CF41,TRUE)+COUNTIF(K41:CF41,FALSE)-COUNTIF($K$3:CF$3,"Shift 2") -> 49 | I41: =F41- COUNTIFS($K41:CF41,"TRUE",$K$3:CF$3,"Shift 2") -> 2 | J41: =(I41/H41)*100 -> 4.0816327 | L41: FALSE | M41: FALSE | N41: FALSE | O41: FALSE | P41: FALSE | Q41: FALSE | R41: FALSE | S41: FALSE | T41: FALSE | U41: FALSE | V41: FALSE | W41: FALSE | X41: FALSE | Y41: FALSE | Z41: FALSE | AA41: FALSE | AB41: FALSE | AC41: FALSE | AD41: FALSE | AE41: FALSE | AF41: FALSE | AG41: FALSE | AH41: FALSE | AI41: FALSE | AJ41: FALSE | AK41: FALSE | AL41: FALSE | AM41: FALSE | AN41: FALSE | AO41: FALSE | AP41: FALSE | AQ41: FALSE | AR41: FALSE | AS41: FALSE | AT41: FALSE | AU41: FALSE | AV41: FALSE | AW41: FALSE | AX41: FALSE | AY41: FALSE | AZ41: FALSE | BA41: FALSE | BB41: FALSE | BC41: FALSE | BD41: FALSE | BE41: FALSE | BF41: FALSE | BG41: FALSE | BH41: FALSE | BI41: FALSE | BJ41: FALSE | BK41: FALSE | BL41: FALSE | BM41: FALSE | BN41: FALSE | BO41: FALSE | BP41: FALSE | BQ41: FALSE | BR41: TRUE | BS41: TRUE | BT41: FALSE | BU41: FALSE | BV41: FALSE | BW41: FALSE | BX41: =COUNTA(AS41:BW41) -> 31 | BY41: =COUNTIF(AS41:BW41,TRUE) -> 2 | BZ41: =BY41/BX41 -> 0.064516129 | CA41: =IF(BZ41>=0.6,"GOOD IN NOV","BAD IN NOV") -> BAD IN NOV | CB41: =COUNTA(AM41:BW41) -> 37 | CC41: =COUNTIF(AM41:BW41,TRUE) -> 2 | CD41: =CC41/CB41 -> 0.054054054 | CE41: =if(CD41>=0.4,"Good in dec","Bad in dec") -> Bad in dec | CF41: =IF(AND(CA41="GOOD IN NOV",CE41="Bad in dec"),"CONNECT","NOT CONNECT") -> NOT CONNECT
A42: Akansksha Pal | B42: adarshpal567643@gmail.com | C42: 9076651533 | D42: Lucknow | E42: =COUNTIF($K42:CF42,TRUE) + COUNTIF($K42:CF42,FALSE) -> 64 | F42: =COUNTIF($K42:CF42,TRUE) -> 54 | G42: =ROUND((F42/E42)*100,0) -> 84 | H42: =COUNTIF(K42:CF42,TRUE)+COUNTIF(K42:CF42,FALSE)-COUNTIF($K$3:CF$3,"Shift 2") -> 49 | I42: =F42- COUNTIFS($K42:CF42,"TRUE",$K$3:CF$3,"Shift 2") -> 42 | J42: =(I42/H42)*100 -> 85.714286 | L42: TRUE | M42: TRUE | N42: TRUE | O42: FALSE | P42: TRUE | Q42: TRUE | R42: TRUE | S42: TRUE | T42: TRUE | U42: TRUE | V42: TRUE | W42: FALSE | X42: FALSE | Y42: FALSE | Z42: TRUE | AA42: TRUE | AB42: TRUE | AC42: TRUE | AD42: TRUE | AE42: TRUE | AF42: TRUE | AG42: TRUE | AH42: TRUE | AI42: TRUE | AJ42: TRUE | AK42: TRUE | AL42: FALSE | AM42: TRUE | AN42: FALSE | AO42: TRUE | AP42: TRUE | AQ42: TRUE | AR42: TRUE | AS42: TRUE | AT42: TRUE | AU42: TRUE | AV42: TRUE | AW42: FALSE | AX42: FALSE | AY42: TRUE | AZ42: TRUE | BA42: TRUE | BB42: TRUE | BC42: TRUE | BD42: TRUE | BE42: TRUE | BF42: TRUE | BG42: TRUE | BH42: TRUE | BI42: TRUE | BJ42: TRUE | BK42: TRUE | BL42: TRUE | BM42: TRUE | BN42: TRUE | BO42: TRUE | BP42: TRUE | BQ42: TRUE | BR42: FALSE | BS42: TRUE | BT42: FALSE | BU42: TRUE | BV42: TRUE | BW42: TRUE | BX42: =COUNTA(AS42:BW42) -> 31 | BY42: =COUNTIF(AS42:BW42,TRUE) -> 27 | BZ42: =BY42/BX42 -> 0.87096774 | CA42: =IF(BZ42>=0.6,"GOOD IN NOV","BAD IN NOV") -> GOOD IN NOV | CB42: =COUNTA(AM42:BW42) -> 37 | CC42: =COUNTIF(AM42:BW42,TRUE) -> 32 | CD42: =CC42/CB42 -> 0.86486486 | CE42: =if(CD42>=0.4,"Good in dec","Bad in dec") -> Good in dec | CF42: =IF(AND(CA42="GOOD IN NOV",CE42="Bad in dec"),"CONNECT","NOT CONNECT") -> NOT CONNECT
A43: Akash Gautam | B43: gautam91700@gmail.com | C43: 9170076346 | D43: Lucknow | E43: =COUNTIF($K43:CF43,TRUE) + COUNTIF($K43:CF43,FALSE) -> 64 | F43: =COUNTIF($K43:CF43,TRUE) -> 59 | G43: =ROUND((F43/E43)*100,0) -> 92 | H43: =COUNTIF(K43:CF43,TRUE)+COUNTIF(K43:CF43,FALSE)-COUNTIF($K$3:CF$3,"Shift 2") -> 49 | I43: =F43- COUNTIFS($K43:CF43,"TRUE",$K$3:CF$3,"Shift 2") -> 48 | J43: =(I43/H43)*100 -> 97.959184 | L43: TRUE | M43: TRUE | N43: TRUE | O43: TRUE | P43: TRUE | Q43: TRUE | R43: FALSE | S43: TRUE | T43: TRUE | U43: FALSE | V43: TRUE | W43: TRUE | X43: FALSE | Y43: TRUE | Z43: TRUE | AA43: TRUE | AB43: TRUE | AC43: TRUE | AD43: TRUE | AE43: TRUE | AF43: TRUE | AG43: TRUE | AH43: TRUE | AI43: TRUE | AJ43: TRUE | AK43: TRUE | AL43: TRUE | AM43: TRUE | AN43: FALSE | AO43: TRUE | AP43: TRUE | AQ43: TRUE | AR43: TRUE | AS43: TRUE | AT43: TRUE | AU43: TRUE | AV43: TRUE | AW43: TRUE | AX43: TRUE | AY43: TRUE | AZ43: TRUE | BA43: TRUE | BB43: TRUE | BC43: FALSE | BD43: TRUE | BE43: TRUE | BF43: TRUE | BG43: TRUE | BH43: TRUE | BI43: TRUE | BJ43: TRUE | BK43: TRUE | BL43: TRUE | BM43: TRUE | BN43: TRUE | BO43: TRUE | BP43: TRUE | BQ43: TRUE | BR43: TRUE | BS43: TRUE | BT43: TRUE | BU43: TRUE | BV43: TRUE | BW43: TRUE | BX43: =COUNTA(AS43:BW43) -> 31 | BY43: =COUNTIF(AS43:BW43,TRUE) -> 30 | BZ43: =BY43/BX43 -> 0.96774194 | CA43: =IF(BZ43>=0.6,"GOOD IN NOV","BAD IN NOV") -> GOOD IN NOV | CB43: =COUNTA(AM43:BW43) -> 37 | CC43: =COUNTIF(AM43:BW43,TRUE) -> 35 | CD43: =CC43/CB43 -> 0.94594595 | CE43: =if(CD43>=0.4,"Good in dec","Bad in dec") -> Good in dec | CF43: =IF(AND(CA43="GOOD IN NOV",CE43="Bad in dec"),"CONNECT","NOT CONNECT") -> NOT CONNECT
A44: Ambuj Singh | B44: ambujsiingh1103@gmail.com | C44: 8090021601 | D44: Lucknow | E44: =COUNTIF($K44:CF44,TRUE) + COUNTIF($K44:CF44,FALSE) -> 64 | F44: =COUNTIF($K44:CF44,TRUE) -> 32 | G44: =ROUND((F44/E44)*100,0) -> 50 | H44: =COUNTIF(K44:CF44,TRUE)+COUNTIF(K44:CF44,FALSE)-COUNTIF($K$3:CF$3,"Shift 2") -> 49 | I44: =F44- COUNTIFS($K44:CF44,"TRUE",$K$3:CF$3,"Shift 2") -> 25 | J44: =(I44/H44)*100 -> 51.020408 | L44: FALSE | M44: TRUE | N44: TRUE | O44: FALSE | P44: FALSE | Q44: FALSE | R44: FALSE | S44: TRUE | T44: FALSE | U44: FALSE | V44: FALSE | W44: FALSE | X44: FALSE | Y44: FALSE | Z44: TRUE | AA44: TRUE | AB44: TRUE | AC44: FALSE | AD44: TRUE | AE44: TRUE | AF44: TRUE | AG44: FALSE | AH44: TRUE | AI44: TRUE | AJ44: TRUE | AK44: FALSE | AL44: TRUE | AM44: FALSE | AN44: FALSE | AO44: FALSE | AP44: FALSE | AQ44: FALSE | AR44: TRUE | AS44: TRUE | AT44: TRUE | AU44: TRUE | AV44: FALSE | AW44: FALSE | AX44: FALSE | AY44: TRUE | AZ44: FALSE | BA44: FALSE | BB44: TRUE | BC44: FALSE | BD44: TRUE | BE44: TRUE | BF44: TRUE | BG44: TRUE | BH44: TRUE | BI44: TRUE | BJ44: TRUE | BK44: TRUE | BL44: TRUE | BM44: TRUE | BN44: FALSE | BO44: FALSE | BP44: TRUE | BQ44: TRUE | BR44: FALSE | BS44: FALSE | BT44: TRUE | BU44: FALSE | BV44: FALSE | BW44: FALSE | BX44: =COUNTA(AS44:BW44) -> 31 | BY44: =COUNTIF(AS44:BW44,TRUE) -> 18 | BZ44: =BY44/BX44 -> 0.58064516 | CA44: =IF(BZ44>=0.6,"GOOD IN NOV","BAD IN NOV") -> BAD IN NOV | CB44: =COUNTA(AM44:BW44) -> 37 | CC44: =COUNTIF(AM44:BW44,TRUE) -> 19 | CD44: =CC44/CB44 -> 0.51351351 | CE44: =if(CD44>=0.4,"Good in dec","Bad in dec") -> Good in dec | CF44: =IF(AND(CA44="GOOD IN NOV",CE44="Bad in dec"),"CONNECT","NOT CONNECT") -> NOT CONNECT
A45: Anchal singh | B45: anchals6392@gmail.com | C45: 6392155047 | D45: Lucknow | E45: =COUNTIF($K45:CF45,TRUE) + COUNTIF($K45:CF45,FALSE) -> 64 | F45: =COUNTIF($K45:CF45,TRUE) -> 50 | G45: =ROUND((F45/E45)*100,0) -> 78 | H45: =COUNTIF(K45:CF45,TRUE)+COUNTIF(K45:CF45,FALSE)-COUNTIF($K$3:CF$3,"Shift 2") -> 49 | I45: =F45- COUNTIFS($K45:CF45,"TRUE",$K$3:CF$3,"Shift 2") -> 41 | J45: =(I45/H45)*100 -> 83.673469 | L45: TRUE | M45: TRUE | N45: FALSE | O45: FALSE | P45: TRUE | Q45: TRUE | R45: TRUE | S45: TRUE | T45: TRUE | U45: TRUE | V45: TRUE | W45: TRUE | X45: FALSE | Y45: TRUE | Z45: TRUE | AA45: TRUE | AB45: TRUE | AC45: TRUE | AD45: TRUE | AE45: TRUE | AF45: TRUE | AG45: TRUE | AH45: TRUE | AI45: FALSE | AJ45: TRUE | AK45: TRUE | AL45: TRUE | AM45: TRUE | AN45: FALSE | AO45: TRUE | AP45: TRUE | AQ45: TRUE | AR45: TRUE | AS45: TRUE | AT45: TRUE | AU45: TRUE | AV45: TRUE | AW45: FALSE | AX45: FALSE | AY45: TRUE | AZ45: TRUE | BA45: TRUE | BB45: TRUE | BC45: FALSE | BD45: TRUE | BE45: FALSE | BF45: FALSE | BG45: FALSE | BH45: TRUE | BI45: TRUE | BJ45: TRUE | BK45: TRUE | BL45: TRUE | BM45: TRUE | BN45: TRUE | BO45: TRUE | BP45: FALSE | BQ45: TRUE | BR45: TRUE | BS45: TRUE | BT45: TRUE | BU45: TRUE | BV45: FALSE | BW45: FALSE | BX45: =COUNTA(AS45:BW45) -> 31 | BY45: =COUNTIF(AS45:BW45,TRUE) -> 22 | BZ45: =BY45/BX45 -> 0.70967742 | CA45: =IF(BZ45>=0.6,"GOOD IN NOV","BAD IN NOV") -> GOOD IN NOV | CB45: =COUNTA(AM45:BW45) -> 37 | CC45: =COUNTIF(AM45:BW45,TRUE) -> 27 | CD45: =CC45/CB45 -> 0.72972973 | CE45: =if(CD45>=0.4,"Good in dec","Bad in dec") -> Good in dec | CF45: =IF(AND(CA45="GOOD IN NOV",CE45="Bad in dec"),"CONNECT","NOT CONNECT") -> NOT CONNECT
A46: AnjaliYadav | B46: yadavanjali2901@gmail.com | C46: 8758980437 | D46: Lucknow | E46: =COUNTIF($K46:CF46,TRUE) + COUNTIF($K46:CF46,FALSE) -> 64 | F46: =COUNTIF($K46:CF46,TRUE) -> 36 | G46: =ROUND((F46/E46)*100,0) -> 56 | H46: =COUNTIF(K46:CF46,TRUE)+COUNTIF(K46:CF46,FALSE)-COUNTIF($K$3:CF$3,"Shift 2") -> 49 | I46: =F46- COUNTIFS($K46:CF46,"TRUE",$K$3:CF$3,"Shift 2") -> 31 | J46: =(I46/H46)*100 -> 63.265306 | L46: TRUE | M46: FALSE | N46: FALSE | O46: FALSE | P46: TRUE | Q46: FALSE | R46: FALSE | S46: FALSE | T46: TRUE | U46: TRUE | V46: TRUE | W46: TRUE | X46: FALSE | Y46: TRUE | Z46: TRUE | AA46: FALSE | AB46: FALSE | AC46: FALSE | AD46: FALSE | AE46: FALSE | AF46: FALSE | AG46: FALSE | AH46: FALSE | AI46: FALSE | AJ46: FALSE | AK46: FALSE | AL46: TRUE | AM46: TRUE | AN46: FALSE | AO46: TRUE | AP46: TRUE | AQ46: TRUE | AR46: TRUE | AS46: TRUE | AT46: FALSE | AU46: FALSE | AV46: TRUE | AW46: FALSE | AX46: FALSE | AY46: TRUE | AZ46: FALSE | BA46: FALSE | BB46: TRUE | BC46: FALSE | BD46: TRUE | BE46: TRUE | BF46: TRUE | BG46: TRUE | BH46: TRUE | BI46: TRUE | BJ46: TRUE | BK46: TRUE | BL46: TRUE | BM46: TRUE | BN46: FALSE | BO46: FALSE | BP46: TRUE | BQ46: TRUE | BR46: TRUE | BS46: TRUE | BT46: TRUE | BU46: TRUE | BV46: TRUE | BW46: TRUE | BX46: =COUNTA(AS46:BW46) -> 31 | BY46: =COUNTIF(AS46:BW46,TRUE) -> 22 | BZ46: =BY46/BX46 -> 0.70967742 | CA46: =IF(BZ46>=0.6,"GOOD IN NOV","BAD IN NOV") -> GOOD IN NOV | CB46: =COUNTA(AM46:BW46) -> 37 | CC46: =COUNTIF(AM46:BW46,TRUE) -> 27 | CD46: =CC46/CB46 -> 0.72972973 | CE46: =if(CD46>=0.4,"Good in dec","Bad in dec") -> Good in dec | CF46: =IF(AND(CA46="GOOD IN NOV",CE46="Bad in dec"),"CONNECT","NOT CONNECT") -> NOT CONNECT
A47: Anshul Yadav | B47: anshulanshyadav00@gmail.com | C47: 9140706364 | D47: Lucknow | E47: =COUNTIF($K47:CF47,TRUE) + COUNTIF($K47:CF47,FALSE) -> 64 | F47: =COUNTIF($K47:CF47,TRUE) -> 18 | G47: =ROUND((F47/E47)*100,0) -> 28 | H47: =COUNTIF(K47:CF47,TRUE)+COUNTIF(K47:CF47,FALSE)-COUNTIF($K$3:CF$3,"Shift 2") -> 49 | I47: =F47- COUNTIFS($K47:CF47,"TRUE",$K$3:CF$3,"Shift 2") -> 16 | J47: =(I47/H47)*100 -> 32.653061 | L47: FALSE | M47: TRUE | N47: FALSE | O47: FALSE | P47: FALSE | Q47: FALSE | R47: FALSE | S47: FALSE | T47: FALSE | U47: FALSE | V47: FALSE | W47: FALSE | X47: FALSE | Y47: FALSE | Z47: FALSE | AA47: FALSE | AB47: FALSE | AC47: FALSE | AD47: FALSE | AE47: FALSE | AF47: FALSE | AG47: FALSE | AH47: TRUE | AI47: FALSE | AJ47: FALSE | AK47: FALSE | AL47: TRUE | AM47: FALSE | AN47: FALSE | AO47: FALSE | AP47: FALSE | AQ47: FALSE | AR47: FALSE | AS47: FALSE | AT47: FALSE | AU47: FALSE | AV47: FALSE | AW47: FALSE | AX47: FALSE | AY47: TRUE | AZ47: FALSE | BA47: FALSE | BB47: FALSE | BC47: FALSE | BD47: FALSE | BE47: TRUE | BF47: FALSE | BG47: FALSE | BH47: TRUE | BI47: TRUE | BJ47: TRUE | BK47: TRUE | BL47: TRUE | BM47: TRUE | BN47: TRUE | BO47: TRUE | BP47: FALSE | BQ47: FALSE | BR47: TRUE | BS47: TRUE | BT47: FALSE | BU47: TRUE | BV47: TRUE | BW47: TRUE | BX47: =COUNTA(AS47:BW47) -> 31 | BY47: =COUNTIF(AS47:BW47,TRUE) -> 15 | BZ47: =BY47/BX47 -> 0.48387097 | CA47: =IF(BZ47>=0.6,"GOOD IN NOV","BAD IN NOV") -> BAD IN NOV | CB47: =COUNTA(AM47:BW47) -> 37 | CC47: =COUNTIF(AM47:BW47,TRUE) -> 15 | CD47: =CC47/CB47 -> 0.40540541 | CE47: =if(CD47>=0.4,"Good in dec","Bad in dec") -> Good in dec | CF47: =IF(AND(CA47="GOOD IN NOV",CE47="Bad in dec"),"CONNECT","NOT CONNECT") -> NOT CONNECT
A48: Aryan Dwivedi | B48: aryandwive769@gmail.com | C48: 8707515961 | D48: Lucknow | E48: =COUNTIF($K48:CF48,TRUE) + COUNTIF($K48:CF48,FALSE) -> 64 | F48: =COUNTIF($K48:CF48,TRUE) -> 42 | G48: =ROUND((F48/E48)*100,0) -> 66 | H48: =COUNTIF(K48:CF48,TRUE)+COUNTIF(K48:CF48,FALSE)-COUNTIF($K$3:CF$3,"Shift 2") -> 49 | I48: =F48- COUNTIFS($K48:CF48,"TRUE",$K$3:CF$3,"Shift 2") -> 36 | J48: =(I48/H48)*100 -> 73.469388 | L48: TRUE | M48: TRUE | N48: TRUE | O48: TRUE | P48: FALSE | Q48: FALSE | R48: FALSE | S48: TRUE | T48: TRUE | U48: FALSE | V48: TRUE | W48: TRUE | X48: FALSE | Y48: TRUE | Z48: TRUE | AA48: TRUE | AB48: TRUE | AC48: TRUE | AD48: TRUE | AE48: TRUE | AF48: FALSE | AG48: FALSE | AH48: FALSE | AI48: TRUE | AJ48: TRUE | AK48: TRUE | AL48: TRUE | AM48: TRUE | AN48: FALSE | AO48: TRUE | AP48: TRUE | AQ48: TRUE | AR48: TRUE | AS48: FALSE | AT48: FALSE | AU48: TRUE | AV48: TRUE | AW48: FALSE | AX48: TRUE | AY48: TRUE | AZ48: TRUE | BA48: TRUE | BB48: TRUE | BC48: TRUE | BD48: TRUE | BE48: TRUE | BF48: FALSE | BG48: TRUE | BH48: FALSE | BI48: FALSE | BJ48: FALSE | BK48: FALSE | BL48: FALSE | BM48: FALSE | BN48: FALSE | BO48: FALSE | BP48: TRUE | BQ48: FALSE | BR48: TRUE | BS48: TRUE | BT48: TRUE | BU48: TRUE | BV48: TRUE | BW48: TRUE | BX48: =COUNTA(AS48:BW48) -> 31 | BY48: =COUNTIF(AS48:BW48,TRUE) -> 18 | BZ48: =BY48/BX48 -> 0.58064516 | CA48: =IF(BZ48>=0.6,"GOOD IN NOV","BAD IN NOV") -> BAD IN NOV | CB48: =COUNTA(AM48:BW48) -> 37 | CC48: =COUNTIF(AM48:BW48,TRUE) -> 23 | CD48: =CC48/CB48 -> 0.62162162 | CE48: =if(CD48>=0.4,"Good in dec","Bad in dec") -> Good in dec | CF48: =IF(AND(CA48="GOOD IN NOV",CE48="Bad in dec"),"CONNECT","NOT CONNECT") -> NOT CONNECT
A49: AryanSingh | B49: aryansingh12082003@gmail.com | C49: 6390871500 | D49: Lucknow | E49: =COUNTIF($K49:CF49,TRUE) + COUNTIF($K49:CF49,FALSE) -> 64 | F49: =COUNTIF($K49:CF49,TRUE) -> 34 | G49: =ROUND((F49/E49)*100,0) -> 53 | H49: =COUNTIF(K49:CF49,TRUE)+COUNTIF(K49:CF49,FALSE)-COUNTIF($K$3:CF$3,"Shift 2") -> 49 | I49: =F49- COUNTIFS($K49:CF49,"TRUE",$K$3:CF$3,"Shift 2") -> 29 | J49: =(I49/H49)*100 -> 59.183673 | L49: FALSE | M49: FALSE | N49: FALSE | O49: FALSE | P49: FALSE | Q49: FALSE | R49: FALSE | S49: TRUE | T49: FALSE | U49: FALSE | V49: FALSE | W49: FALSE | X49: FALSE | Y49: FALSE | Z49: FALSE | AA49: FALSE | AB49: FALSE | AC49: FALSE | AD49: TRUE | AE49: TRUE | AF49: FALSE | AG49: FALSE | AH49: TRUE | AI49: TRUE | AJ49: TRUE | AK49: TRUE | AL49: TRUE | AM49: TRUE | AN49: FALSE | AO49: TRUE | AP49: TRUE | AQ49: FALSE | AR49: FALSE | AS49: TRUE | AT49: FALSE | AU49: TRUE | AV49: TRUE | AW49: FALSE | AX49: FALSE | AY49: TRUE | AZ49: TRUE | BA49: TRUE | BB49: TRUE | BC49: FALSE | BD49: TRUE | BE49: TRUE | BF49: TRUE | BG49: TRUE | BH49: FALSE | BI49: FALSE | BJ49: FALSE | BK49: FALSE | BL49: TRUE | BM49: TRUE | BN49: TRUE | BO49: TRUE | BP49: TRUE | BQ49: TRUE | BR49: TRUE | BS49: TRUE | BT49: TRUE | BU49: TRUE | BV49: TRUE | BW49: TRUE | BX49: =COUNTA(AS49:BW49) -> 31 | BY49: =COUNTIF(AS49:BW49,TRUE) -> 23 | BZ49: =BY49/BX49 -> 0.74193548 | CA49: =IF(BZ49>=0.6,"GOOD IN NOV","BAD IN NOV") -> GOOD IN NOV | CB49: =COUNTA(AM49:BW49) -> 37 | CC49: =COUNTIF(AM49:BW49,TRUE) -> 26 | CD49: =CC49/CB49 -> 0.7027027 | CE49: =if(CD49>=0.4,"Good in dec","Bad in dec") -> Good in dec | CF49: =IF(AND(CA49="GOOD IN NOV",CE49="Bad in dec"),"CONNECT","NOT CONNECT") -> NOT CONNECT
A50: Avinash Kushwaha | B50: aviperfectoor@gmail.com | C50: 7355993352 | D50: Lucknow | E50: =COUNTIF($K50:CF50,TRUE) + COUNTIF($K50:CF50,FALSE) -> 64 | F50: =COUNTIF($K50:CF50,TRUE) -> 20 | G50: =ROUND((F50/E50)*100,0) -> 31 | H50: =COUNTIF(K50:CF50,TRUE)+COUNTIF(K50:CF50,FALSE)-COUNTIF($K$3:CF$3,"Shift 2") -> 49 | I50: =F50- COUNTIFS($K50:CF50,"TRUE",$K$3:CF$3,"Shift 2") -> 17 | J50: =(I50/H50)*100 -> 34.693878 | L50: FALSE | M50: FALSE | N50: TRUE | O50: FALSE | P50: FALSE | Q50: FALSE | R50: FALSE | S50: FALSE | T50: FALSE | U50: FALSE | V50: FALSE | W50: FALSE | X50: FALSE | Y50: FALSE | Z50: FALSE | AA50: FALSE | AB50: FALSE | AC50: FALSE | AD50: FALSE | AE50: FALSE | AF50: FALSE | AG50: FALSE | AH50: FALSE | AI50: FALSE | AJ50: FALSE | AK50: FALSE | AL50: FALSE | AM50: FALSE | AN50: FALSE | AO50: FALSE | AP50: TRUE | AQ50: TRUE | AR50: TRUE | AS50: TRUE | AT50: TRUE | AU50: TRUE | AV50: FALSE | AW50: FALSE | AX50: FALSE | AY50: FALSE | AZ50: FALSE | BA50: FALSE | BB50: FALSE | BC50: FALSE | BD50: FALSE | BE50: TRUE | BF50: FALSE | BG50: TRUE | BH50: TRUE | BI50: FALSE | BJ50: TRUE | BK50: FALSE | BL50: TRUE | BM50: TRUE | BN50: FALSE | BO50: TRUE | BP50: FALSE | BQ50: TRUE | BR50: TRUE | BS50: TRUE | BT50: FALSE | BU50: TRUE | BV50: TRUE | BW50: TRUE | BX50: =COUNTA(AS50:BW50) -> 31 | BY50: =COUNTIF(AS50:BW50,TRUE) -> 16 | BZ50: =BY50/BX50 -> 0.51612903 | CA50: =IF(BZ50>=0.6,"GOOD IN NOV","BAD IN NOV") -> BAD IN NOV | CB50: =COUNTA(AM50:BW50) -> 37 | CC50: =COUNTIF(AM50:BW50,TRUE) -> 19 | CD50: =CC50/CB50 -> 0.51351351 | CE50: =if(CD50>=0.4,"Good in dec","Bad in dec") -> Good in dec | CF50: =IF(AND(CA50="GOOD IN NOV",CE50="Bad in dec"),"CONNECT","NOT CONNECT") -> NOT CONNECT
A51: Ayush Srivastva | B51: ayushsri2510@gmail.com | C51: 8960088091 | D51: Lucknow | E51: =COUNTIF($K51:CF51,TRUE) + COUNTIF($K51:CF51,FALSE) -> 64 | F51: =COUNTIF($K51:CF51,TRUE) -> 29 | G51: =ROUND((F51/E51)*100,0) -> 45 | H51: =COUNTIF(K51:CF51,TRUE)+COUNTIF(K51:CF51,FALSE)-COUNTIF($K$3:CF$3,"Shift 2") -> 49 | I51: =F51- COUNTIFS($K51:CF51,"TRUE",$K$3:CF$3,"Shift 2") -> 26 | J51: =(I51/H51)*100 -> 53.061224 | L51: FALSE | M51: TRUE | N51: TRUE | O51: FALSE | P51: TRUE | Q51: TRUE | R51: TRUE | S51: TRUE | T51: TRUE | U51: FALSE | V51: TRUE | W51: TRUE | X51: FALSE | Y51: TRUE | Z51: FALSE | AA51: FALSE | AB51: FALSE | AC51: TRUE | AD51: FALSE | AE51: FALSE | AF51: TRUE | AG51: FALSE | AH51: TRUE | AI51: FALSE | AJ51: FALSE | AK51: FALSE | AL51: TRUE | AM51: FALSE | AN51: FALSE | AO51: FALSE | AP51: FALSE | AQ51: FALSE | AR51: FALSE | AS51: FALSE | AT51: FALSE | AU51: FALSE | AV51: FALSE | AW51: FALSE | AX51: TRUE | AY51: TRUE | AZ51: FALSE | BA51: TRUE | BB51: FALSE | BC51: FALSE | BD51: TRUE | BE51: FALSE | BF51: TRUE | BG51: TRUE | BH51: FALSE | BI51: TRUE | BJ51: FALSE | BK51: FALSE | BL51: TRUE | BM51: TRUE | BN51: FALSE | BO51: FALSE | BP51: TRUE | BQ51: TRUE | BR51: FALSE | BS51: FALSE | BT51: TRUE | BU51: TRUE | BV51: TRUE | BW51: TRUE | BX51: =COUNTA(AS51:BW51) -> 31 | BY51: =COUNTIF(AS51:BW51,TRUE) -> 15 | BZ51: =BY51/BX51 -> 0.48387097 | CA51: =IF(BZ51>=0.6,"GOOD IN NOV","BAD IN NOV") -> BAD IN NOV | CB51: =COUNTA(AM51:BW51) -> 37 | CC51: =COUNTIF(AM51:BW51,TRUE) -> 15 | CD51: =CC51/CB51 -> 0.40540541 | CE51: =if(CD51>=0.4,"Good in dec","Bad in dec") -> Good in dec | CF51: =IF(AND(CA51="GOOD IN NOV",CE51="Bad in dec"),"CONNECT","NOT CONNECT") -> NOT CONNECT
A52: BhanuMishra | B52: vabmishra9450@gmail.com | C52: 9794098389 | D52: Lucknow | E52: =COUNTIF($K52:CF52,TRUE) + COUNTIF($K52:CF52,FALSE) -> 64 | F52: =COUNTIF($K52:CF52,TRUE) -> 28 | G52: =ROUND((F52/E52)*100,0) -> 44 | H52: =COUNTIF(K52:CF52,TRUE)+COUNTIF(K52:CF52,FALSE)-COUNTIF($K$3:CF$3,"Shift 2") -> 49 | I52: =F52- COUNTIFS($K52:CF52,"TRUE",$K$3:CF$3,"Shift 2") -> 23 | J52: =(I52/H52)*100 -> 46.938776 | L52: FALSE | M52: TRUE | N52: TRUE | O52: FALSE | P52: FALSE | Q52: FALSE | R52: FALSE | S52: FALSE | T52: FALSE | U52: FALSE | V52: FALSE | W52: FALSE | X52: FALSE | Y52: FALSE | Z52: FALSE | AA52: FALSE | AB52: FALSE | AC52: FALSE | AD52: FALSE | AE52: FALSE | AF52: FALSE | AG52: FALSE | AH52: FALSE | AI52: FALSE | AJ52: FALSE | AK52: FALSE | AL52: TRUE | AM52: FALSE | AN52: FALSE | AO52: FALSE | AP52: TRUE | AQ52: FALSE | AR52: TRUE | AS52: TRUE | AT52: FALSE | AU52: FALSE | AV52: FALSE | AW52: FALSE | AX52: FALSE | AY52: FALSE | AZ52: TRUE | BA52: TRUE | BB52: TRUE | BC52: TRUE | BD52: TRUE | BE52: TRUE | BF52: TRUE | BG52: TRUE | BH52: FALSE | BI52: TRUE | BJ52: TRUE | BK52: TRUE | BL52: TRUE | BM52: TRUE | BN52: TRUE | BO52: TRUE | BP52: FALSE | BQ52: TRUE | BR52: TRUE | BS52: TRUE | BT52: TRUE | BU52: TRUE | BV52: TRUE | BW52: TRUE | BX52: =COUNTA(AS52:BW52) -> 31 | BY52: =COUNTIF(AS52:BW52,TRUE) -> 23 | BZ52: =BY52/BX52 -> 0.74193548 | CA52: =IF(BZ52>=0.6,"GOOD IN NOV","BAD IN NOV") -> GOOD IN NOV | CB52: =COUNTA(AM52:BW52) -> 37 | CC52: =COUNTIF(AM52:BW52,TRUE) -> 25 | CD52: =CC52/CB52 -> 0.67567568 | CE52: =if(CD52>=0.4,"Good in dec","Bad in dec") -> Good in dec | CF52: =IF(AND(CA52="GOOD IN NOV",CE52="Bad in dec"),"CONNECT","NOT CONNECT") -> NOT CONNECT
A53: Dhananjay Shukla | B53: shukladhananjay181995@gmail.com | C53: 8960127796 | D53: Lucknow | E53: =COUNTIF($K53:CF53,TRUE) + COUNTIF($K53:CF53,FALSE) -> 64 | F53: =COUNTIF($K53:CF53,TRUE) -> 28 | G53: =ROUND((F53/E53)*100,0) -> 44 | H53: =COUNTIF(K53:CF53,TRUE)+COUNTIF(K53:CF53,FALSE)-COUNTIF($K$3:CF$3,"Shift 2") -> 49 | I53: =F53- COUNTIFS($K53:CF53,"TRUE",$K$3:CF$3,"Shift 2") -> 24 | J53: =(I53/H53)*100 -> 48.979592 | L53: FALSE | M53: FALSE | N53: TRUE | O53: FALSE | P53: FALSE | Q53: FALSE | R53: TRUE | S53: TRUE | T53: FALSE | U53: TRUE | V53: TRUE | W53: FALSE | X53: FALSE | Y53: FALSE | Z53: FALSE | AA53: FALSE | AB53: FALSE | AC53: FALSE | AD53: FALSE | AE53: FALSE | AF53: FALSE | AG53: FALSE | AH53: FALSE | AI53: FALSE | AJ53: FALSE | AK53: FALSE | AL53: TRUE | AM53: FALSE | AN53: FALSE | AO53: FALSE | AP53: TRUE | AQ53: FALSE | AR53: TRUE | AS53: FALSE | AT53: TRUE | AU53: TRUE | AV53: TRUE | AW53: FALSE | AX53: TRUE | AY53: TRUE | AZ53: TRUE | BA53: TRUE | BB53: FALSE | BC53: FALSE | BD53: TRUE | BE53: TRUE | BF53: TRUE | BG53: TRUE | BH53: TRUE | BI53: FALSE | BJ53: FALSE | BK53: TRUE | BL53: FALSE | BM53: FALSE | BN53: TRUE | BO53: FALSE | BP53: TRUE | BQ53: FALSE | BR53: TRUE | BS53: TRUE | BT53: FALSE | BU53: TRUE | BV53: TRUE | BW53: TRUE | BX53: =COUNTA(AS53:BW53) -> 31 | BY53: =COUNTIF(AS53:BW53,TRUE) -> 20 | BZ53: =BY53/BX53 -> 0.64516129 | CA53: =IF(BZ53>=0.6,"GOOD IN NOV","BAD IN NOV") -> GOOD IN NOV | CB53: =COUNTA(AM53:BW53) -> 37 | CC53: =COUNTIF(AM53:BW53,TRUE) -> 22 | CD53: =CC53/CB53 -> 0.59459459 | CE53: =if(CD53>=0.4,"Good in dec","Bad in dec") -> Good in dec | CF53: =IF(AND(CA53="GOOD IN NOV",CE53="Bad in dec"),"CONNECT","NOT CONNECT") -> NOT CONNECT
... A96: Vipul Kumar Prajapati | B96: Vipulkum31@gmail.com | C96: 9773806621 | D96: Lucknow - Noida | E96: =COUNTIF($K96:CF96,TRUE) + COUNTIF($K96:CF96,FALSE) -> 64 | F96: =COUNTIF($K96:CF96,TRUE) -> 46 | G96: =ROUND((F96/E96)*100,0) -> 72 | H96: =COUNTIF(K96:CF96,TRUE)+COUNTIF(K96:CF96,FALSE)-COUNTIF($K$3:CF$3,"Shift 2") -> 49 | I96: =F96- COUNTIFS($K96:CF96,"TRUE",$K$3:CF$3,"Shift 2") -> 35 | J96: =(I96/H96)*100 -> 71.428571 | L96: TRUE | M96: TRUE | N96: TRUE | O96: TRUE | P96: FALSE | Q96: FALSE | R96: FALSE | S96: FALSE | T96: FALSE | U96: FALSE | V96: FALSE | W96: FALSE | X96: FALSE | Y96: FALSE | Z96: FALSE | AA96: TRUE | AB96: TRUE | AC96: TRUE | AD96: TRUE | AE96: TRUE | AF96: TRUE | AG96: TRUE | AH96: TRUE | AI96: TRUE | AJ96: TRUE | AK96: TRUE | AL96: TRUE | AM96: TRUE | AN96: FALSE | AO96: TRUE | AP96: TRUE | AQ96: TRUE | AR96: TRUE | AS96: TRUE | AT96: TRUE | AU96: TRUE | AV96: TRUE | AW96: TRUE | AX96: TRUE | AY96: TRUE | AZ96: TRUE | BA96: TRUE | BB96: TRUE | BC96: TRUE | BD96: TRUE | BE96: TRUE | BF96: FALSE | BG96: FALSE | BH96: FALSE | BI96: TRUE | BJ96: TRUE | BK96: TRUE | BL96: TRUE | BM96: TRUE | BN96: TRUE | BO96: FALSE | BP96: TRUE | BQ96: TRUE | BR96: TRUE | BS96: TRUE | BT96: TRUE | BU96: FALSE | BV96: FALSE | BW96: TRUE | BX96: =COUNTA(AS96:BW96) -> 31 | BY96: =COUNTIF(AS96:BW96,TRUE) -> 25 | BZ96: =BY96/BX96 -> 0.80645161 | CA96: =IF(BZ96>=0.6,"GOOD IN NOV","BAD IN NOV") -> GOOD IN NOV | CB96: =COUNTA(AM96:BW96) -> 37 | CC96: =COUNTIF(AM96:BW96,TRUE) -> 30 | CD96: =CC96/CB96 -> 0.81081081 | CE96: =if(CD96>=0.4,"Good in dec","Bad in dec") -> Good in dec | CF96: =IF(AND(CA96="GOOD IN NOV",CE96="Bad in dec"),"CONNECT","NOT CONNECT") -> NOT CONNECT

Sheet DA 2
A1: Name | B1: Email | C1: Contact | D1: Centre | E1: Total Classes | F1: Attended Classes | G1: Attendance Percentage | I1: 46096 | J1: 46095 | K1: 46089 | L1: 46088 | M1: 46082 | N1: 46081 | O1: 46075 | P1: 46074 | Q1: 46068 | R1: 46067 | S1: 46061 | T1: 46060 | U1: 46054 | V1: 46053 | W1: 46047 | X1: 46046 | Y1: 46040 | Z1: 46039 | AA1: 46033 | AB1: 46032 | AC1: 46026 | AD1: 46025 | AE1: 46012 | AF1: 46011 | AG1: 46005 | AH1: 46004 | AI1: 45998 | AJ1: 45997 | AK1: 45991 | AL1: 45990 | AM1: 45984 | AN1: 45983 | AO1: 45977 | AQ1: a
A2: Rahul Sharma | B2: rahul.sharma.smit@gmail.com | C2: 7726920739 | D2: Banglore | E2: =COUNTIF($H2:AQ2,TRUE) + COUNTIF($H2:AQ2,FALSE) -> 33 | F2: =COUNTIF($H2:AQ2,TRUE) -> 28 | G2: =($F2/$E2)*100 -> 84.848485 | I2: TRUE | J2: FALSE | K2: TRUE | L2: TRUE | M2: TRUE | N2: TRUE | O2: TRUE | P2: FALSE | Q2: TRUE | R2: TRUE | S2: TRUE | T2: FALSE | U2: TRUE | V2: TRUE | W2: TRUE | X2: TRUE | Y2: TRUE | Z2: TRUE | AA2: TRUE | AB2: TRUE | AC2: TRUE | AD2: FALSE | AE2: TRUE | AF2: FALSE | AG2: TRUE | AH2: TRUE | AI2: TRUE | AJ2: TRUE | AK2: TRUE | AL2: TRUE | AM2: TRUE | AN2: TRUE | AO2: TRUE | AQ2: =COUNTIF(AG2:AO2,TRUE) -> 9
A3: Shubhankar Banerjee | B3: banerjeeshubhankar30@gmail.com | C3: 7501588581 | D3: Banglore | E3: =COUNTIF($H3:AQ3,TRUE) + COUNTIF($H3:AQ3,FALSE) -> 33 | F3: =COUNTIF($H3:AQ3,TRUE) -> 21 | G3: =($F3/$E3)*100 -> 63.636364 | I3: FALSE | J3: FALSE | K3: TRUE | L3: TRUE | M3: FALSE | N3: FALSE | O3: TRUE | P3: TRUE | Q3: TRUE | R3: FALSE | S3: TRUE | T3: FALSE | U3: FALSE | V3: FALSE | W3: TRUE | X3: TRUE | Y3: TRUE | Z3: TRUE | AA3: FALSE | AB3: FALSE | AC3: FALSE | AD3: TRUE | AE3: TRUE | AF3: FALSE | AG3: TRUE | AH3: TRUE | AI3: TRUE | AJ3: TRUE | AK3: TRUE | AL3: TRUE | AM3: TRUE | AN3: TRUE | AO3: TRUE | AQ3: =COUNTIF(AG3:AO3,TRUE) -> 9
A4: Jeet Dey | B4: deyoffical2003@gmail.com | C4: 7667007580 | D4: Banglore | E4: =COUNTIF($H4:AQ4,TRUE) + COUNTIF($H4:AQ4,FALSE) -> 32 | F4: =COUNTIF($H4:AQ4,TRUE) -> 15 | G4: =($F4/$E4)*100 -> 46.875 | I4: FALSE | J4: FALSE | K4: FALSE | L4: FALSE | M4: FALSE | N4: FALSE | O4: FALSE | P4: FALSE | Q4: FALSE | R4: FALSE | S4: FALSE | T4: TRUE | U4: FALSE | V4: FALSE | W4: TRUE | X4: TRUE | Y4: FALSE | Z4: FALSE | AA4: FALSE | AB4: TRUE | AD4: TRUE | AE4: TRUE | AF4: TRUE | AG4: TRUE | AH4: TRUE | AI4: TRUE | AJ4: FALSE | AK4: TRUE | AL4: TRUE | AM4: TRUE | AN4: TRUE | AO4: TRUE | AQ4: =COUNTIF(AG4:AO4,TRUE) -> 8
A5: Shashank K V | B5: karanamshashank569@gmail.com | C5: 9392591455 | D5: Banglore | E5: =COUNTIF($H5:AQ5,TRUE) + COUNTIF($H5:AQ5,FALSE) -> 33 | F5: =COUNTIF($H5:AQ5,TRUE) -> 29 | G5: =($F5/$E5)*100 -> 87.878788 | I5: TRUE | J5: TRUE | K5: TRUE | L5: FALSE | M5: TRUE | N5: TRUE | O5: TRUE | P5: TRUE | Q5: TRUE | R5: TRUE | S5: TRUE | T5: FALSE | U5: TRUE | V5: TRUE | W5: TRUE | X5: TRUE | Y5: TRUE | Z5: TRUE | AA5: TRUE | AB5: TRUE | AC5: FALSE | AD5: TRUE | AE5: TRUE | AF5: TRUE | AG5: TRUE | AH5: TRUE | AI5: TRUE | AJ5: FALSE | AK5: TRUE | AL5: TRUE | AM5: TRUE | AN5: TRUE | AO5: TRUE | AQ5: =COUNTIF(AG5:AO5,TRUE) -> 8
A6: Syed shabbir Ali Meerza | B6: shabbir.official2002@gmail.com | C6: 9038338407 | D6: Banglore | E6: =COUNTIF($H6:AQ6,TRUE) + COUNTIF($H6:AQ6,FALSE) -> 33 | F6: =COUNTIF($H6:AQ6,TRUE) -> 30 | G6: =($F6/$E6)*100 -> 90.909091 | I6: TRUE | J6: TRUE | K6: FALSE | L6: TRUE | M6: TRUE | N6: TRUE | O6: TRUE | P6: TRUE | Q6: TRUE | R6: TRUE | S6: TRUE | T6: TRUE | U6: FALSE | V6: FALSE | W6: TRUE | X6: TRUE | Y6: TRUE | Z6: TRUE | AA6: TRUE | AB6: TRUE | AC6: TRUE | AD6: TRUE | AE6: TRUE | AF6: TRUE | AG6: TRUE | AH6: TRUE | AI6: TRUE | AJ6: TRUE | AK6: TRUE | AL6: TRUE | AM6: TRUE | AN6: TRUE | AO6: TRUE | AQ6: =COUNTIF(AG6:AO6,TRUE) -> 9
A7: Biswapriya Roychoudhury | B7: biswapriyaroychowdhury@gmail.com | C7: 9933111811 | D7: Banglore | E7: =COUNTIF($H7:AQ7,TRUE) + COUNTIF($H7:AQ7,FALSE) -> 33 | F7: =COUNTIF($H7:AQ7,TRUE) -> 19 | G7: =($F7/$E7)*100 -> 57.575758 | I7: FALSE | J7: FALSE | K7: FALSE | L7: FALSE | M7: FALSE | N7: FALSE | O7: FALSE | P7: FALSE | Q7: TRUE | R7: FALSE | S7: TRUE | T7: TRUE | U7: FALSE | V7: FALSE | W7: FALSE | X7: TRUE | Y7: FALSE | Z7: TRUE | AA7: TRUE | AB7: TRUE | AC7: TRUE | AD7: TRUE | AE7: TRUE | AF7: TRUE | AG7: TRUE | AH7: FALSE | AI7: TRUE | AJ7: TRUE | AK7: TRUE | AL7: TRUE | AM7: TRUE | AN7: TRUE | AO7: TRUE | AQ7: =COUNTIF(AG7:AO7,TRUE) -> 8
A8: Sarojini S | B8: sarojinishial7@gmail.com | C8: 8861057106 | D8: Banglore | E8: =COUNTIF($H8:AQ8,TRUE) + COUNTIF($H8:AQ8,FALSE) -> 33 | F8: =COUNTIF($H8:AQ8,TRUE) -> 32 | G8: =($F8/$E8)*100 -> 96.969697 | I8: TRUE | J8: TRUE | K8: TRUE | L8: TRUE | M8: TRUE | N8: TRUE | O8: TRUE | P8: TRUE | Q8: TRUE | R8: FALSE | S8: TRUE | T8: TRUE | U8: TRUE | V8: TRUE | W8: TRUE | X8: TRUE | Y8: TRUE | Z8: TRUE | AA8: TRUE | AB8: TRUE | AC8: TRUE | AD8: TRUE | AE8: TRUE | AF8: TRUE | AG8: TRUE | AH8: TRUE | AI8: TRUE | AJ8: TRUE | AK8: TRUE | AL8: TRUE | AM8: TRUE | AN8: TRUE | AO8: TRUE | AQ8: =COUNTIF(AG8:AO8,TRUE) -> 9
A9: Aayush yaduvanshi | B9: bannaaayushshing@gmail.com | C9: 8319400292 | D9: Indore | E9: =COUNTIF($H9:AQ9,TRUE) + COUNTIF($H9:AQ9,FALSE) -> 33 | F9: =COUNTIF($H9:AQ9,TRUE) -> 28 | G9: =($F9/$E9)*100 -> 84.848485 | I9: TRUE | J9: TRUE | K9: TRUE | L9: FALSE | M9: TRUE | N9: TRUE | O9: TRUE | P9: TRUE | Q9: TRUE | R9: TRUE | S9: TRUE | T9: FALSE | U9: TRUE | V9: TRUE | W9: TRUE | X9: TRUE | Y9: TRUE | Z9: TRUE | AA9: TRUE | AB9: FALSE | AC9: FALSE | AD9: FALSE | AE9: TRUE | AF9: TRUE | AG9: TRUE | AH9: TRUE | AI9: TRUE | AJ9: TRUE | AK9: TRUE | AL9: TRUE | AM9: TRUE | AN9: TRUE | AO9: TRUE | AQ9: =COUNTIF(AG9:AO9,TRUE) -> 9
A10: Abhijeet Singh | B10: abhijeetsingh20010@gmail.com | C10: 7999809954 | D10: Indore | E10: =COUNTIF($H10:AQ10,TRUE) + COUNTIF($H10:AQ10,FALSE) -> 30 | F10: =COUNTIF($H10:AQ10,TRUE) -> 19 | G10: =($F10/$E10)*100 -> 63.333333 | I10: TRUE | J10: TRUE | K10: TRUE | L10: TRUE | M10: FALSE | N10: FALSE | O10: FALSE | P10: FALSE | Q10: FALSE | R10: FALSE | S10: FALSE | T10: FALSE | U10: FALSE | V10: FALSE | W10: FALSE | X10: TRUE | Y10: TRUE | Z10: TRUE | AA10: TRUE | AB10: TRUE | AC10: TRUE | AD10: TRUE | AE10: TRUE | AF10: TRUE | AG10: TRUE | AH10: TRUE | AI10: TRUE | AJ10: TRUE | AK10: TRUE | AL10: TRUE | AQ10: =COUNTIF(AG10:AO10,TRUE) -> 6
A11: Aditya Nath Singh | B11: aadiiadityasingh@gmail.com | C11: 9174239281 | D11: Indore | E11: =COUNTIF($H11:AQ11,TRUE) + COUNTIF($H11:AQ11,FALSE) -> 28 | F11: =COUNTIF($H11:AQ11,TRUE) -> 2 | G11: =($F11/$E11)*100 -> 7.1428571 | I11: FALSE | J11: FALSE | K11: FALSE | L11: FALSE | M11: FALSE | N11: FALSE | O11: FALSE | P11: FALSE | Q11: FALSE | R11: FALSE | S11: FALSE | T11: FALSE | U11: FALSE | V11: FALSE | W11: FALSE | X11: FALSE | Y11: FALSE | Z11: FALSE | AA11: FALSE | AB11: FALSE | AC11: FALSE | AD11: FALSE | AE11: FALSE | AF11: FALSE | AG11: FALSE | AH11: FALSE | AI11: TRUE | AJ11: TRUE | AQ11: =COUNTIF(AG11:AO11,TRUE) -> 2
A12: Aman Barman | B12: aman.barman.0607@gmail.com | C12: 8871246498 | D12: Indore | E12: =COUNTIF($H12:AQ12,TRUE) + COUNTIF($H12:AQ12,FALSE) -> 33 | F12: =COUNTIF($H12:AQ12,TRUE) -> 29 | G12: =($F12/$E12)*100 -> 87.878788 | I12: TRUE | J12: TRUE | K12: FALSE | L12: FALSE | M12: FALSE | N12: TRUE | O12: TRUE | P12: TRUE | Q12: TRUE | R12: TRUE | S12: FALSE | T12: TRUE | U12: TRUE | V12: TRUE | W12: TRUE | X12: TRUE | Y12: TRUE | Z12: TRUE | AA12: TRUE | AB12: TRUE | AC12: TRUE | AD12: TRUE | AE12: TRUE | AF12: TRUE | AG12: TRUE | AH12: TRUE | AI12: TRUE | AJ12: TRUE | AK12: TRUE | AL12: TRUE | AM12: TRUE | AN12: TRUE | AO12: TRUE | AQ12: =COUNTIF(AG12:AO12,TRUE) -> 9
A13: Anant dwivedi | B13: anantdwivedi05@gmail.com | C13: 9669939170 | D13: Indore | E13: =COUNTIF($H13:AQ13,TRUE) + COUNTIF($H13:AQ13,FALSE) -> 33 | F13: =COUNTIF($H13:AQ13,TRUE) -> 26 | G13: =($F13/$E13)*100 -> 78.787879 | I13: TRUE | J13: FALSE | K13: TRUE | L13: FALSE | M13: TRUE | N13: TRUE | O13: FALSE | P13: TRUE | Q13: FALSE | R13: FALSE | S13: TRUE | T13: TRUE | U13: TRUE | V13: TRUE | W13: TRUE | X13: TRUE | Y13: TRUE | Z13: FALSE | AA13: TRUE | AB13: FALSE | AC13: TRUE | AD13: TRUE | AE13: TRUE | AF13: TRUE | AG13: TRUE | AH13: TRUE | AI13: TRUE | AJ13: TRUE | AK13: TRUE | AL13: TRUE | AM13: TRUE | AN13: TRUE | AO13: TRUE | AQ13: =COUNTIF(AG13:AO13,TRUE) -> 9
A14: Aniket Chaubey | B14: Aniketschaubey@gmail.com | C14: 9873604564 | D14: Indore | E14: =COUNTIF($H14:AQ14,TRUE) + COUNTIF($H14:AQ14,FALSE) -> 33 | F14: =COUNTIF($H14:AQ14,TRUE) -> 29 | G14: =($F14/$E14)*100 -> 87.878788 | I14: FALSE | J14: TRUE | K14: FALSE | L14: TRUE | M14: TRUE | N14: TRUE | O14: FALSE | P14: TRUE | Q14: TRUE | R14: TRUE | S14: TRUE | T14: TRUE | U14: TRUE | V14: TRUE | W14: TRUE | X14: TRUE | Y14: TRUE | Z14: TRUE | AA14: TRUE | AB14: FALSE | AC14: TRUE | AD14: TRUE | AE14: TRUE | AF14: TRUE | AG14: TRUE | AH14: TRUE | AI14: TRUE | AJ14: TRUE | AK14: TRUE | AL14: TRUE | AM14: TRUE | AN14: TRUE | AO14: TRUE | AQ14: =COUNTIF(AG14:AO14,TRUE) -> 9
A15: Anjali Kahar | B15: anjalikahar8087@gmail.com | C15: 8962429850 | D15: Indore | E15: =COUNTIF($H15:AQ15,TRUE) + COUNTIF($H15:AQ15,FALSE) -> 33 | F15: =COUNTIF($H15:AQ15,TRUE) -> 30 | G15: =($F15/$E15)*100 -> 90.909091 | I15: TRUE | J15: TRUE | K15: TRUE | L15: TRUE | M15: TRUE | N15: FALSE | O15: TRUE | P15: TRUE | Q15: FALSE | R15: FALSE | S15: TRUE | T15: TRUE | U15: TRUE | V15: TRUE | W15: TRUE | X15: TRUE | Y15: TRUE | Z15: TRUE | AA15: TRUE | AB15: TRUE | AC15: TRUE | AD15: TRUE | AE15: TRUE | AF15: TRUE | AG15: TRUE | AH15: TRUE | AI15: TRUE | AJ15: TRUE | AK15: TRUE | AL15: TRUE | AM15: TRUE | AN15: TRUE | AO15: TRUE | AQ15: =COUNTIF(AG15:AO15,TRUE) -> 9
A16: Arpit Tiwari | B16: tiwariarpit9255@gmail.com | C16: 7489655005 | D16: Indore | E16: =COUNTIF($H16:AQ16,TRUE) + COUNTIF($H16:AQ16,FALSE) -> 33 | F16: =COUNTIF($H16:AQ16,TRUE) -> 23 | G16: =($F16/$E16)*100 -> 69.69697 | I16: FALSE | J16: FALSE | K16: FALSE | L16: FALSE | M16: FALSE | N16: FALSE | O16: TRUE | P16: TRUE | Q16: TRUE | R16: TRUE | S16: TRUE | T16: TRUE | U16: FALSE | V16: TRUE | W16: TRUE | X16: TRUE | Y16: TRUE | Z16: TRUE | AA16: TRUE | AB16: FALSE | AC16: TRUE | AD16: FALSE | AE16: TRUE | AF16: TRUE | AG16: TRUE | AH16: TRUE | AI16: TRUE | AJ16: TRUE | AK16: FALSE | AL16: TRUE | AM16: TRUE | AN16: TRUE | AO16: TRUE | AQ16: =COUNTIF(AG16:AO16,TRUE) -> 8
A17: Avinash Kumar Pathak | B17: akpathak23072002@gmail.com | C17: 9608826887 | D17: Indore | E17: =COUNTIF($H17:AQ17,TRUE) + COUNTIF($H17:AQ17,FALSE) -> 33 | F17: =COUNTIF($H17:AQ17,TRUE) -> 31 | G17: =($F17/$E17)*100 -> 93.939394 | I17: FALSE | J17: FALSE | K17: TRUE | L17: TRUE | M17: TRUE | N17: TRUE | O17: TRUE | P17: TRUE | Q17: TRUE | R17: TRUE | S17: TRUE | T17: TRUE | U17: TRUE | V17: TRUE | W17: TRUE | X17: TRUE | Y17: TRUE | Z17: TRUE | AA17: TRUE | AB17: TRUE | AC17: TRUE | AD17: TRUE | AE17: TRUE | AF17: TRUE | AG17: TRUE | AH17: TRUE | AI17: TRUE | AJ17: TRUE | AK17: TRUE | AL17: TRUE | AM17: TRUE | AN17: TRUE | AO17: TRUE | AQ17: =COUNTIF(AG17:AO17,TRUE) -> 9
A18: Ayush Verma | B18: Ayuahverma22@gmail.com | C18: 9981383106 | D18: Indore | E18: =COUNTIF($H18:AQ18,TRUE) + COUNTIF($H18:AQ18,FALSE) -> 33 | F18: =COUNTIF($H18:AQ18,TRUE) -> 21 | G18: =($F18/$E18)*100 -> 63.636364 | I18: FALSE | J18: FALSE | K18: TRUE | L18: FALSE | M18: TRUE | N18: TRUE | O18: FALSE | P18: FALSE | Q18: FALSE | R18: TRUE | S18: FALSE | T18: TRUE | U18: TRUE | V18: TRUE | W18: FALSE | X18: FALSE | Y18: TRUE | Z18: TRUE | AA18: FALSE | AB18: TRUE | AC18: TRUE | AD18: FALSE | AE18: TRUE | AF18: FALSE | AG18: TRUE | AH18: TRUE | AI18: TRUE | AJ18: TRUE | AK18: TRUE | AL18: TRUE | AM18: TRUE | AN18: TRUE | AO18: TRUE | AQ18: =COUNTIF(AG18:AO18,TRUE) -> 9
A19: Ayushi bohra | B19: ayushibohra4@gmail.com | C19: 6232889034 | D19: Indore | E19: =COUNTIF($H19:AQ19,TRUE) + COUNTIF($H19:AQ19,FALSE) -> 33 | F19: =COUNTIF($H19:AQ19,TRUE) -> 29 | G19: =($F19/$E19)*100 -> 87.878788 | I19: TRUE | J19: TRUE | K19: TRUE | L19: TRUE | M19: TRUE | N19: TRUE | O19: TRUE | P19: TRUE | Q19: TRUE | R19: TRUE | S19: TRUE | T19: TRUE | U19: TRUE | V19: TRUE | W19: FALSE | X19: TRUE | Y19: TRUE | Z19: TRUE | AA19: FALSE | AB19: TRUE | AC19: FALSE | AD19: TRUE | AE19: TRUE | AF19: TRUE | AG19: TRUE | AH19: TRUE | AI19: FALSE | AJ19: TRUE | AK19: TRUE | AL19: TRUE | AM19: TRUE | AN19: TRUE | AO19: TRUE | AQ19: =COUNTIF(AG19:AO19,TRUE) -> 8
A20: Darshan Raikwar | B20: darshanraikwar32@gmail.com | C20: 8462986777 | D20: Indore | E20: =COUNTIF($H20:AQ20,TRUE) + COUNTIF($H20:AQ20,FALSE) -> 33 | F20: =COUNTIF($H20:AQ20,TRUE) -> 1 | G20: =($F20/$E20)*100 -> 3.030303 | I20: FALSE | J20: FALSE | K20: FALSE | L20: FALSE | M20: FALSE | N20: FALSE | O20: FALSE | P20: FALSE | Q20: FALSE | R20: FALSE | S20: FALSE | T20: FALSE | U20: FALSE | V20: FALSE | W20: FALSE | X20: FALSE | Y20: FALSE | Z20: FALSE | AA20: FALSE | AB20: FALSE | AC20: FALSE | AD20: FALSE | AE20: FALSE | AF20: FALSE | AG20: FALSE | AH20: FALSE | AI20: FALSE | AJ20: TRUE | AK20: FALSE | AL20: FALSE | AM20: FALSE | AN20: FALSE | AO20: FALSE | AQ20: =COUNTIF(AG20:AO20,TRUE) -> 1
A21: Devesh jain | B21: jaindevesh805@gmail.com | C21: 9479676840 | D21: Indore | E21: =COUNTIF($H21:AQ21,TRUE) + COUNTIF($H21:AQ21,FALSE) -> 33 | F21: =COUNTIF($H21:AQ21,TRUE) -> 30 | G21: =($F21/$E21)*100 -> 90.909091 | I21: TRUE | J21: TRUE | K21: TRUE | L21: TRUE | M21: TRUE | N21: TRUE | O21: TRUE | P21: TRUE | Q21: TRUE | R21: TRUE | S21: TRUE | T21: TRUE | U21: TRUE | V21: TRUE | W21: TRUE | X21: TRUE | Y21: TRUE | Z21: TRUE | AA21: TRUE | AB21: TRUE | AC21: TRUE | AD21: TRUE | AE21: FALSE | AF21: TRUE | AG21: FALSE | AH21: FALSE | AI21: TRUE | AJ21: TRUE | AK21: TRUE | AL21: TRUE | AM21: TRUE | AN21: TRUE | AO21: TRUE | AQ21: =COUNTIF(AG21:AO21,TRUE) -> 7
A22: Divyanshi Ekade | B22: ekadedivya0503@gmail.com | C22: 7898681277 | D22: Indore | E22: =COUNTIF($H22:AQ22,TRUE) + COUNTIF($H22:AQ22,FALSE) -> 33 | F22: =COUNTIF($H22:AQ22,TRUE) -> 26 | G22: =($F22/$E22)*100 -> 78.787879 | I22: TRUE | J22: TRUE | K22: TRUE | L22: FALSE | M22: TRUE | N22: TRUE | O22: TRUE | P22: TRUE | Q22: TRUE | R22: TRUE | S22: FALSE | T22: FALSE | U22: TRUE | V22: TRUE | W22: TRUE | X22: TRUE | Y22: TRUE | Z22: FALSE | AA22: FALSE | AB22: TRUE | AC22: FALSE | AD22: TRUE | AE22: TRUE | AF22: TRUE | AG22: TRUE | AH22: TRUE | AI22: FALSE | AJ22: TRUE | AK22: TRUE | AL22: TRUE | AM22: TRUE | AN22: TRUE | AO22: TRUE | AQ22: =COUNTIF(AG22:AO22,TRUE) -> 8
A23: Goutam Chouhan | B23: ghoutamchouhan@gmail.com | C23: 8305152009 | D23: Indore | E23: =COUNTIF($H23:AQ23,TRUE) + COUNTIF($H23:AQ23,FALSE) -> 33 | F23: =COUNTIF($H23:AQ23,TRUE) -> 30 | G23: =($F23/$E23)*100 -> 90.909091 | I23: FALSE | J23: TRUE | K23: FALSE | L23: TRUE | M23: TRUE | N23: TRUE | O23: TRUE | P23: TRUE | Q23: TRUE | R23: TRUE | S23: TRUE | T23: TRUE | U23: TRUE | V23: TRUE | W23: TRUE | X23: TRUE | Y23: TRUE | Z23: TRUE | AA23: TRUE | AB23: TRUE | AC23: TRUE | AD23: TRUE | AE23: TRUE | AF23: TRUE | AG23: TRUE | AH23: FALSE | AI23: TRUE | AJ23: TRUE | AK23: TRUE | AL23: TRUE | AM23: TRUE | AN23: TRUE | AO23: TRUE | AQ23: =COUNTIF(AG23:AO23,TRUE) -> 8
... A34: Saransh sharma | B34: sharmasaransh792@gmail.com | C34: 9753691051 | D34: Indore | E34: =COUNTIF($H34:AQ34,TRUE) + COUNTIF($H34:AQ34,FALSE) -> 33 | F34: =COUNTIF($H34:AQ34,TRUE) -> 21 | G34: =($F34/$E34)*100 -> 63.636364 | I34: FALSE | J34: FALSE | K34: FALSE | L34: TRUE | M34: FALSE | N34: FALSE | O34: FALSE | P34: FALSE | Q34: FALSE | R34: TRUE | S34: TRUE | T34: TRUE | U34: TRUE | V34: TRUE | W34: TRUE | X34: TRUE | Y34: TRUE | Z34: FALSE | AA34: FALSE | AB34: FALSE | AC34: FALSE | AD34: TRUE | AE34: TRUE | AF34: TRUE | AG34: TRUE | AH34: TRUE | AI34: TRUE | AJ34: TRUE | AK34: TRUE | AL34: TRUE | AM34: TRUE | AN34: TRUE | AO34: TRUE | AQ34: =COUNTIF(AG34:AO34,TRUE) -> 9
A35: Saurabh Yadav | B35: sy9433066@gmail.com | C35: 9644923035 | D35: Indore | E35: =COUNTIF($H35:AQ35,TRUE) + COUNTIF($H35:AQ35,FALSE) -> 32 | F35: =COUNTIF($H35:AQ35,TRUE) -> 18 | G35: =($F35/$E35)*100 -> 56.25 | I35: TRUE | J35: TRUE | K35: FALSE | L35: FALSE | M35: FALSE | N35: FALSE | O35: TRUE | P35: TRUE | Q35: TRUE | R35: TRUE | S35: FALSE | T35: FALSE | U35: FALSE | V35: FALSE | W35: FALSE | X35: FALSE | Y35: FALSE | Z35: TRUE | AA35: FALSE | AB35: TRUE | AC35: TRUE | AD35: TRUE | AE35: TRUE | AF35: TRUE | AG35: TRUE | AH35: FALSE | AI35: TRUE | AJ35: FALSE | AK35: TRUE | AL35: TRUE | AM35: TRUE | AN35: TRUE | AQ35: =COUNTIF(AG35:AO35,TRUE) -> 6
A36: Sejal jain | B36: sejaljainindia25@gmail.com | C36: 8349702177 | D36: Indore | E36: =COUNTIF($H36:AQ36,TRUE) + COUNTIF($H36:AQ36,FALSE) -> 33 | F36: =COUNTIF($H36:AQ36,TRUE) -> 26 | G36: =($F36/$E36)*100 -> 78.787879 | I36: TRUE | J36: FALSE | K36: TRUE | L36: FALSE | M36: TRUE | N36: TRUE | O36: TRUE | P36: TRUE | Q36: TRUE | R36: TRUE | S36: TRUE | T36: TRUE | U36: TRUE | V36: TRUE | W36: TRUE | X36: TRUE | Y36: TRUE | Z36: FALSE | AA36: TRUE | AB36: FALSE | AC36: TRUE | AD36: TRUE | AE36: TRUE | AF36: TRUE | AG36: FALSE | AH36: FALSE | AI36: TRUE | AJ36: TRUE | AK36: TRUE | AL36: TRUE | AM36: TRUE | AN36: FALSE | AO36: TRUE | AQ36: =COUNTIF(AG36:AO36,TRUE) -> 6
A37: Shiva Mourya | B37: shivarajputt4@gmail.com | C37: 6267258453 | D37: Indore | E37: =COUNTIF($H37:AQ37,TRUE) + COUNTIF($H37:AQ37,FALSE) -> 33 | F37: =COUNTIF($H37:AQ37,TRUE) -> 32 | G37: =($F37/$E37)*100 -> 96.969697 | I37: TRUE | J37: TRUE | K37: TRUE | L37: TRUE | M37: TRUE | N37: TRUE | O37: TRUE | P37: TRUE | Q37: TRUE | R37: TRUE | S37: TRUE | T37: TRUE | U37: TRUE | V37: TRUE | W37: TRUE | X37: TRUE | Y37: TRUE | Z37: TRUE | AA37: FALSE | AB37: TRUE | AC37: TRUE | AD37: TRUE | AE37: TRUE | AF37: TRUE | AG37: TRUE | AH37: TRUE | AI37: TRUE | AJ37: TRUE | AK37: TRUE | AL37: TRUE | AM37: TRUE | AN37: TRUE | AO37: TRUE | AQ37: =COUNTIF(AG37:AO37,TRUE) -> 9
A38: Shubham Choudhary | B38: Sidchoudhary869@gmail.com | C38: 7999875720 | D38: Indore | E38: =COUNTIF($H38:AQ38,TRUE) + COUNTIF($H38:AQ38,FALSE) -> 33 | F38: =COUNTIF($H38:AQ38,TRUE) -> 6 | G38: =($F38/$E38)*100 -> 18.181818 | I38: FALSE | J38: FALSE | K38: FALSE | L38: FALSE | M38: FALSE | N38: FALSE | O38: FALSE | P38: FALSE | Q38: FALSE | R38: FALSE | S38: FALSE | T38: FALSE | U38: FALSE | V38: FALSE | W38: FALSE | X38: FALSE | Y38: FALSE | Z38: FALSE | AA38: FALSE | AB38: FALSE | AC38: FALSE | AD38: FALSE | AE38: FALSE | AF38: FALSE | AG38: FALSE | AH38: FALSE | AI38: FALSE | AJ38: TRUE | AK38: TRUE | AL38: TRUE | AM38: TRUE | AN38: TRUE | AO38: TRUE | AQ38: =COUNTIF(AG38:AO38,TRUE) -> 6
A39: Siddarth Kaushik | B39: siddarthkaushik98388@gmail.com | C39: 9695288838 | D39: Indore | E39: =COUNTIF($H39:AQ39,TRUE) + COUNTIF($H39:AQ39,FALSE) -> 33 | F39: =COUNTIF($H39:AQ39,TRUE) -> 22 | G39: =($F39/$E39)*100 -> 66.666667 | I39: TRUE | J39: TRUE | K39: TRUE | L39: TRUE | M39: TRUE | N39: TRUE | O39: FALSE | P39: FALSE | Q39: FALSE | R39: FALSE | S39: FALSE | T39: FALSE | U39: FALSE | V39: TRUE | W39: FALSE | X39: TRUE | Y39: TRUE | Z39: FALSE | AA39: TRUE | AB39: TRUE | AC39: TRUE | AD39: TRUE | AE39: FALSE | AF39: TRUE | AG39: TRUE | AH39: FALSE | AI39: TRUE | AJ39: TRUE | AK39: TRUE | AL39: TRUE | AM39: TRUE | AN39: TRUE | AO39: TRUE | AQ39: =COUNTIF(AG39:AO39,TRUE) -> 8
A40: Trishu Vishwakarma | B40: trishuvishwakarma819@gmail.com | C40: 7722886368 | D40: Indore | E40: =COUNTIF($H40:AQ40,TRUE) + COUNTIF($H40:AQ40,FALSE) -> 33 | F40: =COUNTIF($H40:AQ40,TRUE) -> 28 | G40: =($F40/$E40)*100 -> 84.848485 | I40: TRUE | J40: TRUE | K40: TRUE | L40: TRUE | M40: TRUE | N40: TRUE | O40: TRUE | P40: TRUE | Q40: FALSE | R40: FALSE | S40: TRUE | T40: TRUE | U40: TRUE | V40: TRUE | W40: TRUE | X40: TRUE | Y40: TRUE | Z40: TRUE | AA40: TRUE | AB40: FALSE | AC40: TRUE | AD40: TRUE | AE40: TRUE | AF40: TRUE | AG40: TRUE | AH40: TRUE | AI40: TRUE | AJ40: TRUE | AK40: FALSE | AL40: FALSE | AM40: TRUE | AN40: TRUE | AO40: TRUE | AQ40: =COUNTIF(AG40:AO40,TRUE) -> 7
A41: Vaishnavi Barkade | B41: Barkadevaishnavi1@gmail.com | C41: 7987313409 | D41: Indore | E41: =COUNTIF($H41:AQ41,TRUE) + COUNTIF($H41:AQ41,FALSE) -> 32 | F41: =COUNTIF($H41:AQ41,TRUE) -> 30 | G41: =($F41/$E41)*100 -> 93.75 | I41: TRUE | J41: TRUE | K41: TRUE | L41: TRUE | M41: TRUE | N41: TRUE | O41: TRUE | P41: TRUE | Q41: TRUE | R41: TRUE | S41: TRUE | T41: TRUE | U41: TRUE | V41: TRUE | W41: TRUE | X41: TRUE | Y41: TRUE | Z41: TRUE | AA41: TRUE | AB41: TRUE | AC41: TRUE | AD41: TRUE | AE41: FALSE | AF41: TRUE | AG41: TRUE | AH41: TRUE | AI41: FALSE | AJ41: TRUE | AK41: TRUE | AL41: TRUE | AM41: TRUE | AN41: TRUE | AQ41: =COUNTIF(AG41:AO41,TRUE) -> 7
A42: Yash Nema | B42: nemayash2511@gmail.com | C42: 6267114951 | D42: Indore | E42: =COUNTIF($H42:AQ42,TRUE) + COUNTIF($H42:AQ42,FALSE) -> 33 | F42: =COUNTIF($H42:AQ42,TRUE) -> 24 | G42: =($F42/$E42)*100 -> 72.727273 | I42: TRUE | J42: FALSE | K42: TRUE | L42: TRUE | M42: TRUE | N42: TRUE | O42: TRUE | P42: TRUE | Q42: TRUE | R42: TRUE | S42: TRUE | T42: TRUE | U42: FALSE | V42: FALSE | W42: TRUE | X42: TRUE | Y42: FALSE | Z42: TRUE | AA42: TRUE | AB42: FALSE | AC42: FALSE | AD42: FALSE | AE42: TRUE | AF42: TRUE | AG42: FALSE | AH42: FALSE | AI42: TRUE | AJ42: TRUE | AK42: TRUE | AL42: TRUE | AM42: TRUE | AN42: TRUE | AO42: TRUE | AQ42: =COUNTIF(AG42:AO42,TRUE) -> 7
A43: Yash Singh Kushwaha | B43: yash910922@gmail.com | C43: 9109221279 | D43: Indore | E43: =COUNTIF($H43:AQ43,TRUE) + COUNTIF($H43:AQ43,FALSE) -> 33 | F43: =COUNTIF($H43:AQ43,TRUE) -> 26 | G43: =($F43/$E43)*100 -> 78.787879 | I43: FALSE | J43: TRUE | K43: FALSE | L43: TRUE | M43: TRUE | N43: TRUE | O43: TRUE | P43: TRUE | Q43: TRUE | R43: FALSE | S43: TRUE | T43: FALSE | U43: FALSE | V43: TRUE | W43: FALSE | X43: FALSE | Y43: TRUE | Z43: TRUE | AA43: TRUE | AB43: TRUE | AC43: TRUE | AD43: TRUE | AE43: TRUE | AF43: TRUE | AG43: TRUE | AH43: TRUE | AI43: TRUE | AJ43: TRUE | AK43: TRUE | AL43: TRUE | AM43: TRUE | AN43: TRUE | AO43: TRUE | AQ43: =COUNTIF(AG43:AO43,TRUE) -> 9
A44: Adarsh Maurya | B44: mauryaadarsh730@gmail.com | C44: 7800005455 | D44: Lucknow | E44: =COUNTIF($H44:AQ44,TRUE) + COUNTIF($H44:AQ44,FALSE) -> 33 | F44: =COUNTIF($H44:AQ44,TRUE) -> 24 | G44: =($F44/$E44)*100 -> 72.727273 | I44: TRUE | J44: TRUE | K44: TRUE | L44: FALSE | M44: FALSE | N44: TRUE | O44: FALSE | P44: FALSE | Q44: TRUE | R44: TRUE | S44: FALSE | T44: TRUE | U44: FALSE | V44: FALSE | W44: TRUE | X44: TRUE | Y44: FALSE | Z44: FALSE | AA44: TRUE | AB44: TRUE | AC44: TRUE | AD44: TRUE | AE44: TRUE | AF44: TRUE | AG44: TRUE | AH44: TRUE | AI44: TRUE | AJ44: TRUE | AK44: TRUE | AL44: TRUE | AM44: TRUE | AN44: TRUE | AO44: TRUE | AQ44: =COUNTIF(AG44:AO44,TRUE) -> 9
A45: Adil Husain | B45: husainadil786@gmail.com | C45: 9319828349 | D45: Lucknow | E45: =COUNTIF($H45:AQ45,TRUE) + COUNTIF($H45:AQ45,FALSE) -> 33 | F45: =COUNTIF($H45:AQ45,TRUE) -> 29 | G45: =($F45/$E45)*100 -> 87.878788 | I45: TRUE | J45: TRUE | K45: FALSE | L45: FALSE | M45: TRUE | N45: TRUE | O45: TRUE | P45: TRUE | Q45: TRUE | R45: FALSE | S45: TRUE | T45: TRUE | U45: TRUE | V45: TRUE | W45: TRUE | X45: TRUE | Y45: TRUE | Z45: FALSE | AA45: TRUE | AB45: TRUE | AC45: TRUE | AD45: TRUE | AE45: TRUE | AF45: TRUE | AG45: TRUE | AH45: TRUE | AI45: TRUE | AJ45: TRUE | AK45: TRUE | AL45: TRUE | AM45: TRUE | AN45: TRUE | AO45: TRUE | AQ45: =COUNTIF(AG45:AO45,TRUE) -> 9
A46: Akarsh shukla | B46: akarshshukla9889@gmail.com | C46: 9696980287 | D46: Lucknow | E46: =COUNTIF($H46:AQ46,TRUE) + COUNTIF($H46:AQ46,FALSE) -> 33 | F46: =COUNTIF($H46:AQ46,TRUE) -> 26 | G46: =($F46/$E46)*100 -> 78.787879 | I46: TRUE | J46: TRUE | K46: TRUE | L46: TRUE | M46: TRUE | N46: TRUE | O46: TRUE | P46: TRUE | Q46: TRUE | R46: TRUE | S46: FALSE | T46: FALSE | U46: TRUE | V46: TRUE | W46: TRUE | X46: TRUE | Y46: TRUE | Z46: TRUE | AA46: FALSE | AB46: FALSE | AC46: TRUE | AD46: TRUE | AE46: FALSE | AF46: FALSE | AG46: FALSE | AH46: TRUE | AI46: TRUE | AJ46: TRUE | AK46: TRUE | AL46: TRUE | AM46: TRUE | AN46: TRUE | AO46: TRUE | AQ46: =COUNTIF(AG46:AO46,TRUE) -> 8
A47: Akash Verma | B47: akashverma0581@gmail.com | C47: 8957858076 | D47: Lucknow | E47: =COUNTIF($H47:AQ47,TRUE) + COUNTIF($H47:AQ47,FALSE) -> 33 | F47: =COUNTIF($H47:AQ47,TRUE) -> 8 | G47: =($F47/$E47)*100 -> 24.242424 | I47: FALSE | J47: FALSE | K47: FALSE | L47: FALSE | M47: FALSE | N47: FALSE | O47: FALSE | P47: FALSE | Q47: FALSE | R47: FALSE | S47: FALSE | T47: FALSE | U47: FALSE | V47: FALSE | W47: FALSE | X47: FALSE | Y47: FALSE | Z47: TRUE | AA47: FALSE | AB47: FALSE | AC47: FALSE | AD47: TRUE | AE47: FALSE | AF47: FALSE | AG47: FALSE | AH47: FALSE | AI47: FALSE | AJ47: TRUE | AK47: TRUE | AL47: TRUE | AM47: TRUE | AN47: TRUE | AO47: TRUE | AQ47: =COUNTIF(AG47:AO47,TRUE) -> 6
A48: Aman kumar | B48: amnnyddv@gmail.com | C48: 8081617233 | D48: Lucknow | E48: =COUNTIF($H48:AQ48,TRUE) + COUNTIF($H48:AQ48,FALSE) -> 33 | F48: =COUNTIF($H48:AQ48,TRUE) -> 11 | G48: =($F48/$E48)*100 -> 33.333333 | I48: FALSE | J48: FALSE | K48: FALSE | L48: FALSE | M48: FALSE | N48: FALSE | O48: FALSE | P48: FALSE | Q48: FALSE | R48: FALSE | S48: FALSE | T48: FALSE | U48: FALSE | V48: FALSE | W48: FALSE | X48: TRUE | Y48: TRUE | Z48: FALSE | AA48: FALSE | AB48: FALSE | AC48: FALSE | AD48: FALSE | AE48: TRUE | AF48: FALSE | AG48: TRUE | AH48: TRUE | AI48: TRUE | AJ48: TRUE | AK48: TRUE | AL48: FALSE | AM48: TRUE | AN48: TRUE | AO48: TRUE | AQ48: =COUNTIF(AG48:AO48,TRUE) -> 8
A49: Aman Srivastav | B49: jaimaabhadrakalidevi@gmail.com | C49: 8858180831 | D49: Lucknow | E49: =COUNTIF($H49:AQ49,TRUE) + COUNTIF($H49:AQ49,FALSE) -> 33 | F49: =COUNTIF($H49:AQ49,TRUE) -> 10 | G49: =($F49/$E49)*100 -> 30.30303 | I49: FALSE | J49: FALSE | K49: FALSE | L49: FALSE | M49: FALSE | N49: FALSE | O49: FALSE | P49: FALSE | Q49: FALSE | R49: FALSE | S49: FALSE | T49: FALSE | U49: FALSE | V49: FALSE | W49: FALSE | X49: FALSE | Y49: FALSE | Z49: FALSE | AA49: TRUE | AB49: TRUE | AC49: TRUE | AD49: FALSE | AE49: FALSE | AF49: FALSE | AG49: FALSE | AH49: FALSE | AI49: TRUE | AJ49: TRUE | AK49: TRUE | AL49: TRUE | AM49: TRUE | AN49: TRUE | AO49: TRUE | AQ49: =COUNTIF(AG49:AO49,TRUE) -> 7
A50: Amanpreet Singh | B50: amanpreetkalra352@gmail.com | C50: 8299884271 | D50: Lucknow | E50: =COUNTIF($H50:AQ50,TRUE) + COUNTIF($H50:AQ50,FALSE) -> 33 | F50: =COUNTIF($H50:AQ50,TRUE) -> 32 | G50: =($F50/$E50)*100 -> 96.969697 | I50: TRUE | J50: TRUE | K50: TRUE | L50: TRUE | M50: TRUE | N50: TRUE | O50: TRUE | P50: TRUE | Q50: FALSE | R50: TRUE | S50: TRUE | T50: TRUE | U50: TRUE | V50: TRUE | W50: TRUE | X50: TRUE | Y50: TRUE | Z50: TRUE | AA50: TRUE | AB50: TRUE | AC50: TRUE | AD50: TRUE | AE50: TRUE | AF50: TRUE | AG50: TRUE | AH50: TRUE | AI50: TRUE | AJ50: TRUE | AK50: TRUE | AL50: TRUE | AM50: TRUE | AN50: TRUE | AO50: TRUE | AQ50: =COUNTIF(AG50:AO50,TRUE) -> 9
A51: Amrika Bera | B51: amrikabera@gmail.com | C51: 9919075188 | D51: Lucknow | E51: =COUNTIF($H51:AQ51,TRUE) + COUNTIF($H51:AQ51,FALSE) -> 33 | F51: =COUNTIF($H51:AQ51,TRUE) -> 11 | G51: =($F51/$E51)*100 -> 33.333333 | I51: FALSE | J51: FALSE | K51: FALSE | L51: FALSE | M51: FALSE | N51: FALSE | O51: FALSE | P51: FALSE | Q51: FALSE | R51: FALSE | S51: FALSE | T51: FALSE | U51: FALSE | V51: FALSE | W51: FALSE | X51: FALSE | Y51: FALSE | Z51: FALSE | AA51: FALSE | AB51: FALSE | AC51: TRUE | AD51: TRUE | AE51: TRUE | AF51: TRUE | AG51: FALSE | AH51: TRUE | AI51: TRUE | AJ51: FALSE | AK51: TRUE | AL51: TRUE | AM51: TRUE | AN51: TRUE | AO51: TRUE | AQ51: =COUNTIF(AG51:AO51,TRUE) -> 7
A52: Anand Verma | B52: anandverma818283@gmail.com | C52: 9792215031 | D52: Lucknow | E52: =COUNTIF($H52:AQ52,TRUE) + COUNTIF($H52:AQ52,FALSE) -> 33 | F52: =COUNTIF($H52:AQ52,TRUE) -> 33 | G52: =($F52/$E52)*100 -> 100 | I52: TRUE | J52: TRUE | K52: TRUE | L52: TRUE | M52: TRUE | N52: TRUE | O52: TRUE | P52: TRUE | Q52: TRUE | R52: TRUE | S52: TRUE | T52: TRUE | U52: TRUE | V52: TRUE | W52: TRUE | X52: TRUE | Y52: TRUE | Z52: TRUE | AA52: TRUE | AB52: TRUE | AC52: TRUE | AD52: TRUE | AE52: TRUE | AF52: TRUE | AG52: TRUE | AH52: TRUE | AI52: TRUE | AJ52: TRUE | AK52: TRUE | AL52: TRUE | AM52: TRUE | AN52: TRUE | AO52: TRUE | AQ52: =COUNTIF(AG52:AO52,TRUE) -> 9
A53: Aniket Verma | B53: aniketverma2592@gmail.com | C53: 7080806898 | D53: Lucknow | E53: =COUNTIF($H53:AQ53,TRUE) + COUNTIF($H53:AQ53,FALSE) -> 33 | F53: =COUNTIF($H53:AQ53,TRUE) -> 14 | G53: =($F53/$E53)*100 -> 42.424242 | I53: FALSE | J53: FALSE | K53: TRUE | L53: FALSE | M53: TRUE | N53: FALSE | O53: FALSE | P53: FALSE | Q53: FALSE | R53: FALSE | S53: FALSE | T53: FALSE | U53: TRUE | V53: FALSE | W53: FALSE | X53: FALSE | Y53: TRUE | Z53: TRUE | AA53: FALSE | AB53: FALSE | AC53: FALSE | AD53: FALSE | AE53: TRUE | AF53: FALSE | AG53: TRUE | AH53: FALSE | AI53: TRUE | AJ53: TRUE | AK53: TRUE | AL53: TRUE | AM53: TRUE | AN53: TRUE | AO53: TRUE | AQ53: =COUNTIF(AG53:AO53,TRUE) -> 8
A54: Ankit kumar tiwari | B54: ak6905636@gmail.com | C54: 8252737376 | D54: Lucknow | E54: =COUNTIF($H54:AQ54,TRUE) + COUNTIF($H54:AQ54,FALSE) -> 33 | F54: =COUNTIF($H54:AQ54,TRUE) -> 29 | G54: =($F54/$E54)*100 -> 87.878788 | I54: TRUE | J54: TRUE | K54: TRUE | L54: TRUE | M54: TRUE | N54: TRUE | O54: TRUE | P54: TRUE | Q54: TRUE | R54: TRUE | S54: TRUE | T54: TRUE | U54: TRUE | V54: TRUE | W54: FALSE | X54: FALSE | Y54: TRUE | Z54: TRUE | AA54: TRUE | AB54: TRUE | AC54: TRUE | AD54: TRUE | AE54: FALSE | AF54: TRUE | AG54: FALSE | AH54: TRUE | AI54: TRUE | AJ54: TRUE | AK54: TRUE | AL54: TRUE | AM54: TRUE | AN54: TRUE | AO54: TRUE | AQ54: =COUNTIF(AG54:AO54,TRUE) -> 8
A55: Ankit Vishwakarma | B55: mr.ankitvishwakarma1510@gmail.com | C55: 9335039718 | D55: Lucknow | E55: =COUNTIF($H55:AQ55,TRUE) + COUNTIF($H55:AQ55,FALSE) -> 33 | F55: =COUNTIF($H55:AQ55,TRUE) -> 27 | G55: =($F55/$E55)*100 -> 81.818182 | I55: FALSE | J55: TRUE | K55: TRUE | L55: TRUE | M55: TRUE | N55: TRUE | O55: TRUE | P55: TRUE | Q55: FALSE | R55: TRUE | S55: TRUE | T55: TRUE | U55: TRUE | V55: TRUE | W55: TRUE | X55: TRUE | Y55: TRUE | Z55: FALSE | AA55: TRUE | AB55: TRUE | AC55: TRUE | AD55: TRUE | AE55: FALSE | AF55: FALSE | AG55: TRUE | AH55: TRUE | AI55: TRUE | AJ55: TRUE | AK55: TRUE | AL55: TRUE | AM55: TRUE | AN55: FALSE | AO55: TRUE | AQ55: =COUNTIF(AG55:AO55,TRUE) -> 8
A56: Anshika Rawat | B56: anshikarawat0698@gmail.com | C56: 8858289753 | D56: Lucknow | E56: =COUNTIF($H56:AQ56,TRUE) + COUNTIF($H56:AQ56,FALSE) -> 33 | F56: =COUNTIF($H56:AQ56,TRUE) -> 28 | G56: =($F56/$E56)*100 -> 84.848485 | I56: TRUE | J56: TRUE | K56: TRUE | L56: TRUE | M56: TRUE | N56: TRUE | O56: FALSE | P56: TRUE | Q56: TRUE | R56: TRUE | S56: TRUE | T56: TRUE | U56: FALSE | V56: TRUE | W56: TRUE | X56: TRUE | Y56: TRUE | Z56: FALSE | AA56: TRUE | AB56: TRUE | AC56: TRUE | AD56: TRUE | AE56: TRUE | AF56: TRUE | AG56: TRUE | AH56: TRUE | AI56: FALSE | AJ56: FALSE | AK56: TRUE | AL56: TRUE | AM56: TRUE | AN56: TRUE | AO56: TRUE | AQ56: =COUNTIF(AG56:AO56,TRUE) -> 7
A57: Anup Singh | B57: anup2952@gmail.com | C57: 9665504727 | D57: Lucknow | E57: =COUNTIF($H57:AQ57,TRUE) + COUNTIF($H57:AQ57,FALSE) -> 33 | F57: =COUNTIF($H57:AQ57,TRUE) -> 21 | G57: =($F57/$E57)*100 -> 63.636364 | I57: FALSE | J57: FALSE | K57: FALSE | L57: FALSE | M57: FALSE | N57: FALSE | O57: TRUE | P57: TRUE | Q57: FALSE | R57: TRUE | S57: TRUE | T57: FALSE | U57: FALSE | V57: TRUE | W57: TRUE | X57: TRUE | Y57: TRUE | Z57: TRUE | AA57: TRUE | AB57: TRUE | AC57: TRUE | AD57: TRUE | AE57: FALSE | AF57: TRUE | AG57: TRUE | AH57: FALSE | AI57: TRUE | AJ57: TRUE | AK57: FALSE | AL57: TRUE | AM57: TRUE | AN57: TRUE | AO57: TRUE | AQ57: =COUNTIF(AG57:AO57,TRUE) -> 7
A58: Anurag Singh | B58: anuragsinghannubhaiya@gmail.com | C58: 9696880744 | D58: Lucknow | E58: =COUNTIF($H58:AQ58,TRUE) + COUNTIF($H58:AQ58,FALSE) -> 33 | F58: =COUNTIF($H58:AQ58,TRUE) -> 18 | G58: =($F58/$E58)*100 -> 54.545455 | I58: FALSE | J58: FALSE | K58: FALSE | L58: FALSE | M58: FALSE | N58: FALSE | O58: FALSE | P58: FALSE | Q58: FALSE | R58: TRUE | S58: FALSE | T58: FALSE | U58: TRUE | V58: TRUE | W58: TRUE | X58: TRUE | Y58: TRUE | Z58: TRUE | AA58: TRUE | AB58: TRUE | AC58: TRUE | AD58: TRUE | AE58: FALSE | AF58: TRUE | AG58: TRUE | AH58: FALSE | AI58: TRUE | AJ58: FALSE | AK58: FALSE | AL58: TRUE | AM58: TRUE | AN58: TRUE | AO58: TRUE | AQ58: =COUNTIF(AG58:AO58,TRUE) -> 6
A59: Anushka Sahu | B59: Sahudkrum783@gmail.com | C59: 7839919005 | D59: Lucknow | E59: =COUNTIF($H59:AQ59,TRUE) + COUNTIF($H59:AQ59,FALSE) -> 33 | F59: =COUNTIF($H59:AQ59,TRUE) -> 25 | G59: =($F59/$E59)*100 -> 75.757576 | I59: TRUE | J59: TRUE | K59: TRUE | L59: TRUE | M59: TRUE | N59: TRUE | O59: FALSE | P59: FALSE | Q59: FALSE | R59: TRUE | S59: FALSE | T59: FALSE | U59: TRUE | V59: TRUE | W59: TRUE | X59: TRUE | Y59: FALSE | Z59: FALSE | AA59: TRUE | AB59: TRUE | AC59: TRUE | AD59: TRUE | AE59: TRUE | AF59: FALSE | AG59: TRUE | AH59: TRUE | AI59: TRUE | AJ59: TRUE | AK59: TRUE | AL59: TRUE | AM59: TRUE | AN59: TRUE | AO59: TRUE | AQ59: =COUNTIF(AG59:AO59,TRUE) -> 9
A60: Arun Kumar Verma | B60: arun.vrm.121@gmail.com | C60: 8095734541 | D60: Lucknow | E60: =COUNTIF($H60:AQ60,TRUE) + COUNTIF($H60:AQ60,FALSE) -> 33 | F60: =COUNTIF($H60:AQ60,TRUE) -> 32 | G60: =($F60/$E60)*100 -> 96.969697 | I60: TRUE | J60: TRUE | K60: TRUE | L60: TRUE | M60: FALSE | N60: TRUE | O60: TRUE | P60: TRUE | Q60: TRUE | R60: TRUE | S60: TRUE | T60: TRUE | U60: TRUE | V60: TRUE | W60: TRUE | X60: TRUE | Y60: TRUE | Z60: TRUE | AA60: TRUE | AB60: TRUE | AC60: TRUE | AD60: TRUE | AE60: TRUE | AF60: TRUE | AG60: TRUE | AH60: TRUE | AI60: TRUE | AJ60: TRUE | AK60: TRUE | AL60: TRUE | AM60: TRUE | AN60: TRUE | AO60: TRUE | AQ60: =COUNTIF(AG60:AO60,TRUE) -> 9
A61: Ashvani singh | B61: ashvanisingh2685@gmail.com | C61: 7897370741 | D61: Lucknow | E61: =COUNTIF($H61:AQ61,TRUE) + COUNTIF($H61:AQ61,FALSE) -> 33 | F61: =COUNTIF($H61:AQ61,TRUE) -> 32 | G61: =($F61/$E61)*100 -> 96.969697 | I61: TRUE | J61: TRUE | K61: TRUE | L61: TRUE | M61: FALSE | N61: TRUE | O61: TRUE | P61: TRUE | Q61: TRUE | R61: TRUE | S61: TRUE | T61: TRUE | U61: TRUE | V61: TRUE | W61: TRUE | X61: TRUE | Y61: TRUE | Z61: TRUE | AA61: TRUE | AB61: TRUE | AC61: TRUE | AD61: TRUE | AE61: TRUE | AF61: TRUE | AG61: TRUE | AH61: TRUE | AI61: TRUE | AJ61: TRUE | AK61: TRUE | AL61: TRUE | AM61: TRUE | AN61: TRUE | AO61: TRUE | AQ61: =COUNTIF(AG61:AO61,TRUE) -> 9
A62: Asmit Kumar Shrivastav | B62: asmitshrivastva7514@gmail.com | C62: 7017697574 | D62: Lucknow | E62: =COUNTIF($H62:AQ62,TRUE) + COUNTIF($H62:AQ62,FALSE) -> 33 | F62: =COUNTIF($H62:AQ62,TRUE) -> 20 | G62: =($F62/$E62)*100 -> 60.606061 | I62: TRUE | J62: TRUE | K62: FALSE | L62: TRUE | M62: FALSE | N62: TRUE | O62: FALSE | P62: FALSE | Q62: FALSE | R62: FALSE | S62: TRUE | T62: TRUE | U62: FALSE | V62: FALSE | W62: FALSE | X62: FALSE | Y62: FALSE | Z62: TRUE | AA62: FALSE | AB62: FALSE | AC62: TRUE | AD62: TRUE | AE62: TRUE | AF62: TRUE | AG62: TRUE | AH62: TRUE | AI62: TRUE | AJ62: TRUE | AK62: TRUE | AL62: TRUE | AM62: TRUE | AN62: TRUE | AO62: TRUE | AQ62: =COUNTIF(AG62:AO62,TRUE) -> 9
A63: Ayush Yadav | B63: ayush10112001@gmail.com | C63: 9889320990 | D63: Lucknow | E63: =COUNTIF($H63:AQ63,TRUE) + COUNTIF($H63:AQ63,FALSE) -> 33 | F63: =COUNTIF($H63:AQ63,TRUE) -> 18 | G63: =($F63/$E63)*100 -> 54.545455 | I63: TRUE | J63: TRUE | K63: FALSE | L63: FALSE | M63: TRUE | N63: FALSE | O63: FALSE | P63: FALSE | Q63: FALSE | R63: FALSE | S63: TRUE | T63: TRUE | U63: FALSE | V63: TRUE | W63: FALSE | X63: TRUE | Y63: FALSE | Z63: FALSE | AA63: TRUE | AB63: TRUE | AC63: FALSE | AD63: TRUE | AE63: TRUE | AF63: FALSE | AG63: TRUE | AH63: FALSE | AI63: TRUE | AJ63: TRUE | AK63: FALSE | AL63: TRUE | AM63: TRUE | AN63: TRUE | AO63: TRUE | AQ63: =COUNTIF(AG63:AO63,TRUE) -> 7
A64: Deepanshu Sahu | B64: puja14859@gmail.com | C64: 6392559642 | D64: Lucknow | E64: =COUNTIF($H64:AQ64,TRUE) + COUNTIF($H64:AQ64,FALSE) -> 33 | F64: =COUNTIF($H64:AQ64,TRUE) -> 25 | G64: =($F64/$E64)*100 -> 75.757576 | I64: TRUE | J64: TRUE | K64: TRUE | L64: TRUE | M64: TRUE | N64: TRUE | O64: FALSE | P64: FALSE | Q64: FALSE | R64: TRUE | S64: TRUE | T64: TRUE | U64: FALSE | V64: TRUE | W64: FALSE | X64: TRUE | Y64: TRUE | Z64: TRUE | AA64: FALSE | AB64: TRUE | AC64: TRUE | AD64: TRUE | AE64: TRUE | AF64: TRUE | AG64: FALSE | AH64: TRUE | AI64: TRUE | AJ64: FALSE | AK64: TRUE | AL64: TRUE | AM64: TRUE | AN64: TRUE | AO64: TRUE | AQ64: =COUNTIF(AG64:AO64,TRUE) -> 7
A65: Faisal | C65: 7905094122 | D65: Lucknow | E65: =COUNTIF($H65:AQ65,TRUE) + COUNTIF($H65:AQ65,FALSE) -> 33 | F65: =COUNTIF($H65:AQ65,TRUE) -> 16 | G65: =($F65/$E65)*100 -> 48.484848 | I65: FALSE | J65: FALSE | K65: FALSE | L65: FALSE | M65: FALSE | N65: FALSE | O65: FALSE | P65: FALSE | Q65: FALSE | R65: FALSE | S65: TRUE | T65: TRUE | U65: FALSE | V65: FALSE | W65: TRUE | X65: TRUE | Y65: FALSE | Z65: FALSE | AA65: TRUE | AB65: FALSE | AC65: TRUE | AD65: TRUE | AE65: FALSE | AF65: FALSE | AG65: TRUE | AH65: TRUE | AI65: TRUE | AJ65: TRUE | AK65: TRUE | AL65: TRUE | AM65: TRUE | AN65: TRUE | AO65: TRUE | AQ65: =COUNTIF(AG65:AO65,TRUE) -> 9
A66: Gaurangi dixit | B66: dixitgaurangi023@gmail.com | C66: 8853302497 | D66: Lucknow | E66: =COUNTIF($H66:AQ66,TRUE) + COUNTIF($H66:AQ66,FALSE) -> 33 | F66: =COUNTIF($H66:AQ66,TRUE) -> 21 | G66: =($F66/$E66)*100 -> 63.636364 | I66: FALSE | J66: FALSE | K66: TRUE | L66: TRUE | M66: FALSE | N66: FALSE | O66: TRUE | P66: TRUE | Q66: FALSE | R66: FALSE | S66: TRUE | T66: TRUE | U66: FALSE | V66: TRUE | W66: FALSE | X66: TRUE | Y66: FALSE | Z66: TRUE | AA66: TRUE | AB66: TRUE | AC66: TRUE | AD66: TRUE | AE66: TRUE | AF66: FALSE | AG66: FALSE | AH66: FALSE | AI66: TRUE | AJ66: TRUE | AK66: TRUE | AL66: TRUE | AM66: TRUE | AN66: TRUE | AO66: TRUE | AQ66: =COUNTIF(AG66:AO66,TRUE) -> 7
A67: Gaurav Yadav | B67: gauravydv00111@gmail.com | C67: 9219404472 | D67: Lucknow | E67: =COUNTIF($H67:AQ67,TRUE) + COUNTIF($H67:AQ67,FALSE) -> 33 | F67: =COUNTIF($H67:AQ67,TRUE) -> 22 | G67: =($F67/$E67)*100 -> 66.666667 | I67: FALSE | J67: FALSE | K67: TRUE | L67: FALSE | M67: TRUE | N67: TRUE | O67: TRUE | P67: TRUE | Q67: TRUE | R67: TRUE | S67: FALSE | T67: TRUE | U67: FALSE | V67: FALSE | W67: FALSE | X67: FALSE | Y67: TRUE | Z67: FALSE | AA67: TRUE | AB67: FALSE | AC67: TRUE | AD67: TRUE | AE67: TRUE | AF67: TRUE | AG67: TRUE | AH67: TRUE | AI67: TRUE | AJ67: TRUE | AK67: FALSE | AL67: TRUE | AM67: TRUE | AN67: TRUE | AO67: TRUE | AQ67: =COUNTIF(AG67:AO67,TRUE) -> 8
A68: Hafsa Ali | B68: hafsaali10122003@gmail.com | C68: 7607355015 | D68: Lucknow | E68: =COUNTIF($H68:AQ68,TRUE) + COUNTIF($H68:AQ68,FALSE) -> 33 | F68: =COUNTIF($H68:AQ68,TRUE) -> 27 | G68: =($F68/$E68)*100 -> 81.818182 | I68: TRUE | J68: TRUE | K68: TRUE | L68: TRUE | M68: TRUE | N68: TRUE | O68: TRUE | P68: TRUE | Q68: TRUE | R68: TRUE | S68: TRUE | T68: TRUE | U68: TRUE | V68: TRUE | W68: TRUE | X68: TRUE | Y68: FALSE | Z68: FALSE | AA68: FALSE | AB68: FALSE | AC68: TRUE | AD68: TRUE | AE68: FALSE | AF68: FALSE | AG68: TRUE | AH68: TRUE | AI68: TRUE | AJ68: TRUE | AK68: TRUE | AL68: TRUE | AM68: TRUE | AN68: TRUE | AO68: TRUE | AQ68: =COUNTIF(AG68:AO68,TRUE) -> 9
A69: Harsh Srivastava | B69: harshitman45@gmail.com | C69: 8467944959 | D69: Lucknow | E69: =COUNTIF($H69:AQ69,TRUE) + COUNTIF($H69:AQ69,FALSE) -> 33 | F69: =COUNTIF($H69:AQ69,TRUE) -> 12 | G69: =($F69/$E69)*100 -> 36.363636 | I69: FALSE | J69: FALSE | K69: FALSE | L69: FALSE | M69: TRUE | N69: FALSE | O69: FALSE | P69: FALSE | Q69: FALSE | R69: FALSE | S69: FALSE | T69: FALSE | U69: FALSE | V69: FALSE | W69: FALSE | X69: FALSE | Y69: FALSE | Z69: FALSE | AA69: FALSE | AB69: TRUE | AC69: TRUE | AD69: TRUE | AE69: FALSE | AF69: TRUE | AG69: TRUE | AH69: TRUE | AI69: FALSE | AJ69: FALSE | AK69: TRUE | AL69: TRUE | AM69: TRUE | AN69: TRUE | AO69: TRUE | AQ69: =COUNTIF(AG69:AO69,TRUE) -> 7
A70: Khushi pal | B70: Palkhushi187@gmail.com | C70: 9161137562 | D70: Lucknow | E70: =COUNTIF($H70:AQ70,TRUE) + COUNTIF($H70:AQ70,FALSE) -> 33 | F70: =COUNTIF($H70:AQ70,TRUE) -> 28 | G70: =($F70/$E70)*100 -> 84.848485 | I70: TRUE | J70: TRUE | K70: TRUE | L70: TRUE | M70: TRUE | N70: FALSE | O70: FALSE | P70: FALSE | Q70: FALSE | R70: TRUE | S70: TRUE | T70: TRUE | U70: TRUE | V70: TRUE | W70: TRUE | X70: TRUE | Y70: FALSE | Z70: TRUE | AA70: TRUE | AB70: TRUE | AC70: TRUE | AD70: TRUE | AE70: TRUE | AF70: TRUE | AG70: TRUE | AH70: TRUE | AI70: TRUE | AJ70: TRUE | AK70: TRUE | AL70: TRUE | AM70: TRUE | AN70: TRUE | AO70: TRUE | AQ70: =COUNTIF(AG70:AO70,TRUE) -> 9
A71: Laiba Ansari | B71: brawlhero001@gmail.com | C71: 9305963522 | D71: Lucknow | E71: =COUNTIF($H71:AQ71,TRUE) + COUNTIF($H71:AQ71,FALSE) -> 33 | F71: =COUNTIF($H71:AQ71,TRUE) -> 22 | G71: =($F71/$E71)*100 -> 66.666667 | I71: TRUE | J71: TRUE | K71: TRUE | L71: TRUE | M71: TRUE | N71: TRUE | O71: FALSE | P71: TRUE | Q71: FALSE | R71: FALSE | S71: TRUE | T71: TRUE | U71: TRUE | V71: TRUE | W71: TRUE | X71: TRUE | Y71: TRUE | Z71: FALSE | AA71: FALSE | AB71: FALSE | AC71: TRUE | AD71: TRUE | AE71: FALSE | AF71: TRUE | AG71: FALSE | AH71: TRUE | AI71: FALSE | AJ71: FALSE | AK71: TRUE | AL71: TRUE | AM71: FALSE | AN71: TRUE | AO71: TRUE | AQ71: =COUNTIF(AG71:AO71,TRUE) -> 5
A72: Mahi Mishra | B72: mahimishra19362@gmail.com | C72: 88107 13169 | D72: Lucknow | E72: =COUNTIF($H72:AQ72,TRUE) + COUNTIF($H72:AQ72,FALSE) -> 33 | F72: =COUNTIF($H72:AQ72,TRUE) -> 24 | G72: =($F72/$E72)*100 -> 72.727273 | I72: TRUE | J72: TRUE | K72: TRUE | L72: TRUE | M72: TRUE | N72: TRUE | O72: TRUE | P72: TRUE | Q72: FALSE | R72: TRUE | S72: TRUE | T72: TRUE | U72: FALSE | V72: TRUE | W72: TRUE | X72: TRUE | Y72: FALSE | Z72: FALSE | AA72: FALSE | AB72: FALSE | AC72: TRUE | AD72: TRUE | AE72: FALSE | AF72: TRUE | AG72: FALSE | AH72: FALSE | AI72: TRUE | AJ72: TRUE | AK72: TRUE | AL72: TRUE | AM72: TRUE | AN72: TRUE | AO72: TRUE | AQ72: =COUNTIF(AG72:AO72,TRUE) -> 7
A73: Manu dixit | B73: dixitmanu369@gmail.com | C73: 6268186864 | D73: Lucknow | E73: =COUNTIF($H73:AQ73,TRUE) + COUNTIF($H73:AQ73,FALSE) -> 33 | F73: =COUNTIF($H73:AQ73,TRUE) -> 20 | G73: =($F73/$E73)*100 -> 60.606061 | I73: TRUE | J73: TRUE | K73: TRUE | L73: TRUE | M73: FALSE | N73: FALSE | O73: FALSE | P73: FALSE | Q73: TRUE | R73: FALSE | S73: TRUE | T73: FALSE | U73: FALSE | V73: FALSE | W73: TRUE | X73: TRUE | Y73: TRUE | Z73: TRUE | AA73: FALSE | AB73: TRUE | AC73: FALSE | AD73: FALSE | AE73: TRUE | AF73: TRUE | AG73: FALSE | AH73: FALSE | AI73: TRUE | AJ73: TRUE | AK73: TRUE | AL73: TRUE | AM73: TRUE | AN73: TRUE | AO73: TRUE | AQ73: =COUNTIF(AG73:AO73,TRUE) -> 7
A74: Mayank Pratap Singh | B74: singhmayank1804@gmail.com | C74: 7392888244 | D74: Lucknow | E74: =COUNTIF($H74:AQ74,TRUE) + COUNTIF($H74:AQ74,FALSE) -> 33 | F74: =COUNTIF($H74:AQ74,TRUE) -> 24 | G74: =($F74/$E74)*100 -> 72.727273 | I74: TRUE | J74: TRUE | K74: TRUE | L74: FALSE | M74: FALSE | N74: FALSE | O74: TRUE | P74: FALSE | Q74: TRUE | R74: TRUE | S74: TRUE | T74: TRUE | U74: TRUE | V74: TRUE | W74: TRUE | X74: TRUE | Y74: FALSE | Z74: FALSE | AA74: FALSE | AB74: FALSE | AC74: TRUE | AD74: TRUE | AE74: TRUE | AF74: TRUE | AG74: FALSE | AH74: TRUE | AI74: TRUE | AJ74: TRUE | AK74: TRUE | AL74: TRUE | AM74: TRUE | AN74: TRUE | AO74: TRUE | AQ74: =COUNTIF(AG74:AO74,TRUE) -> 8
A75: MD Nayab | B75: nayab567891@gmail.com | C75: 6387209446 | D75: Lucknow | E75: =COUNTIF($H75:AQ75,TRUE) + COUNTIF($H75:AQ75,FALSE) -> 33 | F75: =COUNTIF($H75:AQ75,TRUE) -> 16 | G75: =($F75/$E75)*100 -> 48.484848 | I75: FALSE | J75: FALSE | K75: FALSE | L75: FALSE | M75: FALSE | N75: FALSE | O75: FALSE | P75: FALSE | Q75: FALSE | R75: FALSE | S75: TRUE | T75: TRUE | U75: FALSE | V75: FALSE | W75: TRUE | X75: FALSE | Y75: FALSE | Z75: FALSE | AA75: FALSE | AB75: TRUE | AC75: FALSE | AD75: TRUE | AE75: TRUE | AF75: TRUE | AG75: TRUE | AH75: TRUE | AI75: TRUE | AJ75: TRUE | AK75: TRUE | AL75: TRUE | AM75: TRUE | AN75: TRUE | AO75: TRUE | AQ75: =COUNTIF(AG75:AO75,TRUE) -> 9
A76: Mohd Adnan Naqvi | B76: adnannaqvi787@gmail.com | C76: 8960432596 | D76: Lucknow | E76: =COUNTIF($H76:AQ76,TRUE) + COUNTIF($H76:AQ76,FALSE) -> 33 | F76: =COUNTIF($H76:AQ76,TRUE) -> 27 | G76: =($F76/$E76)*100 -> 81.818182 | I76: FALSE | J76: TRUE | K76: TRUE | L76: TRUE | M76: FALSE | N76: TRUE | O76: TRUE | P76: TRUE | Q76: TRUE | R76: TRUE | S76: TRUE | T76: TRUE | U76: FALSE | V76: TRUE | W76: TRUE | X76: TRUE | Y76: TRUE | Z76: TRUE | AA76: FALSE | AB76: TRUE | AC76: TRUE | AD76: TRUE | AE76: TRUE | AF76: FALSE | AG76: FALSE | AH76: TRUE | AI76: TRUE | AJ76: TRUE | AK76: TRUE | AL76: TRUE | AM76: TRUE | AN76: TRUE | AO76: TRUE | AQ76: =COUNTIF(AG76:AO76,TRUE) -> 8
A77: Mohd Asif Khan | B77: aksus67419@gmail.com | C77: 9305922051 | D77: Lucknow | E77: =COUNTIF($H77:AQ77,TRUE) + COUNTIF($H77:AQ77,FALSE) -> 33 | F77: =COUNTIF($H77:AQ77,TRUE) -> 10 | G77: =($F77/$E77)*100 -> 30.30303 | I77: FALSE | J77: TRUE | K77: FALSE | L77: FALSE | M77: FALSE | N77: FALSE | O77: FALSE | P77: FALSE | Q77: FALSE | R77: TRUE | S77: FALSE | T77: FALSE | U77: FALSE | V77: FALSE | W77: FALSE | X77: FALSE | Y77: FALSE | Z77: FALSE | AA77: FALSE | AB77: FALSE | AC77: FALSE | AD77: TRUE | AE77: FALSE | AF77: FALSE | AG77: FALSE | AH77: TRUE | AI77: TRUE | AJ77: TRUE | AK77: FALSE | AL77: TRUE | AM77: TRUE | AN77: TRUE | AO77: TRUE | AQ77: =COUNTIF(AG77:AO77,TRUE) -> 7
A78: Mohd Sharib | B78: azmisharib0000@gmail.com | C78: 7080833642 | D78: Lucknow | E78: =COUNTIF($H78:AQ78,TRUE) + COUNTIF($H78:AQ78,FALSE) -> 33 | F78: =COUNTIF($H78:AQ78,TRUE) -> 28 | G78: =($F78/$E78)*100 -> 84.848485 | I78: FALSE | J78: FALSE | K78: FALSE | L78: FALSE | M78: FALSE | N78: TRUE | O78: TRUE | P78: TRUE | Q78: TRUE | R78: TRUE | S78: TRUE | T78: TRUE | U78: TRUE | V78: TRUE | W78: TRUE | X78: TRUE | Y78: TRUE | Z78: TRUE | AA78: TRUE | AB78: TRUE | AC78: TRUE | AD78: TRUE | AE78: TRUE | AF78: TRUE | AG78: TRUE | AH78: TRUE | AI78: TRUE | AJ78: TRUE | AK78: TRUE | AL78: TRUE | AM78: TRUE | AN78: TRUE | AO78: TRUE | AQ78: =COUNTIF(AG78:AO78,TRUE) -> 9
A79: Muhammad zaid siddiqui | B79: infozaidsiddiqui@gmail.com | C79: 7307078625 | D79: Lucknow | E79: =COUNTIF($H79:AQ79,TRUE) + COUNTIF($H79:AQ79,FALSE) -> 33 | F79: =COUNTIF($H79:AQ79,TRUE) -> 25 | G79: =($F79/$E79)*100 -> 75.757576 | I79: FALSE | J79: TRUE | K79: FALSE | L79: TRUE | M79: TRUE | N79: TRUE | O79: FALSE | P79: TRUE | Q79: TRUE | R79: TRUE | S79: TRUE | T79: TRUE | U79: FALSE | V79: TRUE | W79: TRUE | X79: TRUE | Y79: TRUE | Z79: TRUE | AA79: FALSE | AB79: TRUE | AC79: TRUE | AD79: FALSE | AE79: TRUE | AF79: FALSE | AG79: TRUE | AH79: FALSE | AI79: TRUE | AJ79: TRUE | AK79: TRUE | AL79: TRUE | AM79: TRUE | AN79: TRUE | AO79: TRUE | AQ79: =COUNTIF(AG79:AO79,TRUE) -> 8
A80: Muskan Singh | B80: reactionmuski05@gmail.com | C80: 6386245328 | D80: Lucknow | E80: =COUNTIF($H80:AQ80,TRUE) + COUNTIF($H80:AQ80,FALSE) -> 33 | F80: =COUNTIF($H80:AQ80,TRUE) -> 29 | G80: =($F80/$E80)*100 -> 87.878788 | I80: TRUE | J80: TRUE | K80: TRUE | L80: TRUE | M80: TRUE | N80: TRUE | O80: FALSE | P80: TRUE | Q80: TRUE | R80: TRUE | S80: TRUE | T80: TRUE | U80: TRUE | V80: TRUE | W80: TRUE | X80: TRUE | Y80: FALSE | Z80: TRUE | AA80: FALSE | AB80: FALSE | AC80: TRUE | AD80: TRUE | AE80: TRUE | AF80: TRUE | AG80: TRUE | AH80: TRUE | AI80: TRUE | AJ80: TRUE | AK80: TRUE | AL80: TRUE | AM80: TRUE | AN80: TRUE | AO80: TRUE | AQ80: =COUNTIF(AG80:AO80,TRUE) -> 9
A81: Neelesh Kumar pandey | B81: neeleshkumar9823@gmail.com | C81: 8218732730 | D81: Lucknow | E81: =COUNTIF($H81:AQ81,TRUE) + COUNTIF($H81:AQ81,FALSE) -> 33 | F81: =COUNTIF($H81:AQ81,TRUE) -> 25 | G81: =($F81/$E81)*100 -> 75.757576 | I81: FALSE | J81: TRUE | K81: TRUE | L81: TRUE | M81: TRUE | N81: TRUE | O81: FALSE | P81: FALSE | Q81: FALSE | R81: TRUE | S81: FALSE | T81: FALSE | U81: TRUE | V81: FALSE | W81: TRUE | X81: TRUE | Y81: TRUE | Z81: TRUE | AA81: TRUE | AB81: TRUE | AC81: TRUE | AD81: TRUE | AE81: TRUE | AF81: TRUE | AG81: FALSE | AH81: TRUE | AI81: TRUE | AJ81: TRUE | AK81: TRUE | AL81: TRUE | AM81: TRUE | AN81: TRUE | AO81: TRUE | AQ81: =COUNTIF(AG81:AO81,TRUE) -> 8
A82: Pradeep yadav | B82: pradeepyadav25jan@gmail.com | C82: 6388142437 | D82: Lucknow | E82: =COUNTIF($H82:AQ82,TRUE) + COUNTIF($H82:AQ82,FALSE) -> 33 | F82: =COUNTIF($H82:AQ82,TRUE) -> 22 | G82: =($F82/$E82)*100 -> 66.666667 | I82: FALSE | J82: FALSE | K82: FALSE | L82: FALSE | M82: TRUE | N82: TRUE | O82: TRUE | P82: TRUE | Q82: TRUE | R82: TRUE | S82: TRUE | T82: FALSE | U82: FALSE | V82: TRUE | W82: TRUE | X82: TRUE | Y82: FALSE | Z82: TRUE | AA82: FALSE | AB82: TRUE | AC82: TRUE | AD82: TRUE | AE82: TRUE | AF82: TRUE | AG82: FALSE | AH82: FALSE | AI82: TRUE | AJ82: TRUE | AK82: FALSE | AL82: TRUE | AM82: TRUE | AN82: TRUE | AO82: TRUE | AQ82: =COUNTIF(AG82:AO82,TRUE) -> 6
A83: Prince Chaurasia | B83: Chaurasiyaprinceraj@gmail.com | C83: 9889613805 | D83: Lucknow | E83: =COUNTIF($H83:AQ83,TRUE) + COUNTIF($H83:AQ83,FALSE) -> 33 | F83: =COUNTIF($H83:AQ83,TRUE) -> 33 | G83: =($F83/$E83)*100 -> 100 | I83: TRUE | J83: TRUE | K83: TRUE | L83: TRUE | M83: TRUE | N83: TRUE | O83: TRUE | P83: TRUE | Q83: TRUE | R83: TRUE | S83: TRUE | T83: TRUE | U83: TRUE | V83: TRUE | W83: TRUE | X83: TRUE | Y83: TRUE | Z83: TRUE | AA83: TRUE | AB83: TRUE | AC83: TRUE | AD83: TRUE | AE83: TRUE | AF83: TRUE | AG83: TRUE | AH83: TRUE | AI83: TRUE | AJ83: TRUE | AK83: TRUE | AL83: TRUE | AM83: TRUE | AN83: TRUE | AO83: TRUE | AQ83: =COUNTIF(AG83:AO83,TRUE) -> 9
A84: Priya kashyap | B84: komalkashyap6388@gmail.com | C84: 6388145642 | D84: Lucknow | E84: =COUNTIF($H84:AQ84,TRUE) + COUNTIF($H84:AQ84,FALSE) -> 33 | F84: =COUNTIF($H84:AQ84,TRUE) -> 19 | G84: =($F84/$E84)*100 -> 57.575758 | I84: TRUE | J84: TRUE | K84: FALSE | L84: FALSE | M84: FALSE | N84: TRUE | O84: FALSE | P84: FALSE | Q84: FALSE | R84: FALSE | S84: FALSE | T84: FALSE | U84: FALSE | V84: TRUE | W84: FALSE | X84: FALSE | Y84: TRUE | Z84: TRUE | AA84: TRUE | AB84: TRUE | AC84: TRUE | AD84: TRUE | AE84: TRUE | AF84: FALSE | AG84: FALSE | AH84: TRUE | AI84: TRUE | AJ84: TRUE | AK84: TRUE | AL84: TRUE | AM84: TRUE | AN84: TRUE | AO84: TRUE | AQ84: =COUNTIF(AG84:AO84,TRUE) -> 8
A85: Priyanka Saxena | B85: Saxena.priya0702@gmail.com | C85: 9651084242 | D85: Lucknow | E85: =COUNTIF($H85:AQ85,TRUE) + COUNTIF($H85:AQ85,FALSE) -> 33 | F85: =COUNTIF($H85:AQ85,TRUE) -> 26 | G85: =($F85/$E85)*100 -> 78.787879 | I85: TRUE | J85: TRUE | K85: TRUE | L85: TRUE | M85: TRUE | N85: TRUE | O85: TRUE | P85: TRUE | Q85: TRUE | R85: TRUE | S85: TRUE | T85: TRUE | U85: TRUE | V85: TRUE | W85: TRUE | X85: TRUE | Y85: FALSE | Z85: TRUE | AA85: FALSE | AB85: FALSE | AC85: TRUE | AD85: TRUE | AE85: FALSE | AF85: FALSE | AG85: FALSE | AH85: FALSE | AI85: TRUE | AJ85: TRUE | AK85: TRUE | AL85: TRUE | AM85: TRUE | AN85: TRUE | AO85: TRUE | AQ85: =COUNTIF(AG85:AO85,TRUE) -> 7
A86: Rahul Pathak | B86: rahucool877@gmail.com | C86: 8299175244 | D86: Lucknow | E86: =COUNTIF($H86:AQ86,TRUE) + COUNTIF($H86:AQ86,FALSE) -> 33 | F86: =COUNTIF($H86:AQ86,TRUE) -> 33 | G86: =($F86/$E86)*100 -> 100 | I86: TRUE | J86: TRUE | K86: TRUE | L86: TRUE | M86: TRUE | N86: TRUE | O86: TRUE | P86: TRUE | Q86: TRUE | R86: TRUE | S86: TRUE | T86: TRUE | U86: TRUE | V86: TRUE | W86: TRUE | X86: TRUE | Y86: TRUE | Z86: TRUE | AA86: TRUE | AB86: TRUE | AC86: TRUE | AD86: TRUE | AE86: TRUE | AF86: TRUE | AG86: TRUE | AH86: TRUE | AI86: TRUE | AJ86: TRUE | AK86: TRUE | AL86: TRUE | AM86: TRUE | AN86: TRUE | AO86: TRUE | AQ86: =COUNTIF(AG86:AO86,TRUE) -> 9
A87: Rajat Awasthi | B87: awasthirajat16@gmail.com | C87: 9935896085 | D87: Lucknow | E87: =COUNTIF($H87:AQ87,TRUE) + COUNTIF($H87:AQ87,FALSE) -> 33 | F87: =COUNTIF($H87:AQ87,TRUE) -> 27 | G87: =($F87/$E87)*100 -> 81.818182 | I87: FALSE | J87: FALSE | K87: TRUE | L87: TRUE | M87: FALSE | N87: TRUE | O87: FALSE | P87: FALSE | Q87: TRUE | R87: TRUE | S87: FALSE | T87: TRUE | U87: TRUE | V87: TRUE | W87: TRUE | X87: TRUE | Y87: TRUE | Z87: TRUE | AA87: TRUE | AB87: TRUE | AC87: TRUE | AD87: TRUE | AE87: TRUE | AF87: TRUE | AG87: TRUE | AH87: TRUE | AI87: TRUE | AJ87: TRUE | AK87: TRUE | AL87: TRUE | AM87: TRUE | AN87: TRUE | AO87: TRUE | AQ87: =COUNTIF(AG87:AO87,TRUE) -> 9
A88: Rausan Srivastva | C88: 8354028090 | D88: Lucknow | E88: =COUNTIF($H88:AQ88,TRUE) + COUNTIF($H88:AQ88,FALSE) -> 33 | F88: =COUNTIF($H88:AQ88,TRUE) -> 6 | G88: =($F88/$E88)*100 -> 18.181818 | I88: FALSE | J88: FALSE | K88: FALSE | L88: FALSE | M88: FALSE | N88: FALSE | O88: FALSE | P88: FALSE | Q88: FALSE | R88: FALSE | S88: FALSE | T88: FALSE | U88: FALSE | V88: FALSE | W88: FALSE | X88: FALSE | Y88: FALSE | Z88: FALSE | AA88: FALSE | AB88: FALSE | AC88: TRUE | AD88: FALSE | AE88: FALSE | AF88: FALSE | AG88: TRUE | AH88: TRUE | AI88: FALSE | AJ88: TRUE | AK88: TRUE | AL88: FALSE | AM88: TRUE | AN88: FALSE | AO88: FALSE | AQ88: =COUNTIF(AG88:AO88,TRUE) -> 5
A89: Rishabh Prajapati | B89: Yashraj151515@gmail.com | C89: 8953396299 | D89: Lucknow | E89: =COUNTIF($H89:AQ89,TRUE) + COUNTIF($H89:AQ89,FALSE) -> 33 | F89: =COUNTIF($H89:AQ89,TRUE) -> 31 | G89: =($F89/$E89)*100 -> 93.939394 | I89: FALSE | J89: FALSE | K89: TRUE | L89: TRUE | M89: TRUE | N89: TRUE | O89: TRUE | P89: TRUE | Q89: TRUE | R89: TRUE | S89: TRUE | T89: TRUE | U89: TRUE | V89: TRUE | W89: TRUE | X89: TRUE | Y89: TRUE | Z89: TRUE | AA89: TRUE | AB89: TRUE | AC89: TRUE | AD89: TRUE | AE89: TRUE | AF89: TRUE | AG89: TRUE | AH89: TRUE | AI89: TRUE | AJ89: TRUE | AK89: TRUE | AL89: TRUE | AM89: TRUE | AN89: TRUE | AO89: TRUE | AQ89: =COUNTIF(AG89:AO89,TRUE) -> 9
A90: Riya Gupta | B90: riyagupta231003@gmail.com | C90: 8306887703 | D90: Lucknow | E90: =COUNTIF($H90:AQ90,TRUE) + COUNTIF($H90:AQ90,FALSE) -> 33 | F90: =COUNTIF($H90:AQ90,TRUE) -> 23 | G90: =($F90/$E90)*100 -> 69.69697 | I90: TRUE | J90: TRUE | K90: FALSE | L90: TRUE | M90: TRUE | N90: TRUE | O90: TRUE | P90: TRUE | Q90: FALSE | R90: TRUE | S90: TRUE | T90: TRUE | U90: FALSE | V90: TRUE | W90: FALSE | X90: FALSE | Y90: FALSE | Z90: TRUE | AA90: FALSE | AB90: FALSE | AC90: FALSE | AD90: FALSE | AE90: TRUE | AF90: TRUE | AG90: TRUE | AH90: TRUE | AI90: TRUE | AJ90: TRUE | AK90: TRUE | AL90: TRUE | AM90: TRUE | AN90: TRUE | AO90: TRUE | AQ90: =COUNTIF(AG90:AO90,TRUE) -> 9
A91: Rizwan Khan | B91: amreen.shaan@gmail.com | C91: 7007697913 | D91: Lucknow | E91: =COUNTIF($H91:AQ91,TRUE) + COUNTIF($H91:AQ91,FALSE) -> 33 | F91: =COUNTIF($H91:AQ91,TRUE) -> 13 | G91: =($F91/$E91)*100 -> 39.393939 | I91: FALSE | J91: FALSE | K91: FALSE | L91: FALSE | M91: FALSE | N91: FALSE | O91: FALSE | P91: FALSE | Q91: FALSE | R91: FALSE | S91: FALSE | T91: FALSE | U91: TRUE | V91: TRUE | W91: FALSE | X91: FALSE | Y91: FALSE | Z91: FALSE | AA91: FALSE | AB91: FALSE | AC91: TRUE | AD91: TRUE | AE91: FALSE | AF91: TRUE | AG91: TRUE | AH91: TRUE | AI91: TRUE | AJ91: TRUE | AK91: FALSE | AL91: TRUE | AM91: TRUE | AN91: TRUE | AO91: TRUE | AQ91: =COUNTIF(AG91:AO91,TRUE) -> 8
A92: Rohan Singh | B92: rohanthakur8252@gmail.com | C92: 8543049907 | D92: Lucknow | E92: =COUNTIF($H92:AQ92,TRUE) + COUNTIF($H92:AQ92,FALSE) -> 33 | F92: =COUNTIF($H92:AQ92,TRUE) -> 21 | G92: =($F92/$E92)*100 -> 63.636364 | I92: FALSE | J92: FALSE | K92: FALSE | L92: FALSE | M92: FALSE | N92: TRUE | O92: TRUE | P92: TRUE | Q92: TRUE | R92: TRUE | S92: FALSE | T92: TRUE | U92: FALSE | V92: FALSE | W92: TRUE | X92: TRUE | Y92: TRUE | Z92: TRUE | AA92: TRUE | AB92: FALSE | AC92: TRUE | AD92: FALSE | AE92: FALSE | AF92: TRUE | AG92: TRUE | AH92: TRUE | AI92: FALSE | AJ92: TRUE | AK92: TRUE | AL92: TRUE | AM92: TRUE | AN92: TRUE | AO92: TRUE | AQ92: =COUNTIF(AG92:AO92,TRUE) -> 8
A93: Sachin sharma | B93: sachinsharma123next@gmail.com | C93: 7565924929 | D93: Lucknow | E93: =COUNTIF($H93:AQ93,TRUE) + COUNTIF($H93:AQ93,FALSE) -> 33 | F93: =COUNTIF($H93:AQ93,TRUE) -> 29 | G93: =($F93/$E93)*100 -> 87.878788 | I93: TRUE | J93: TRUE | K93: FALSE | L93: TRUE | M93: TRUE | N93: TRUE | O93: FALSE | P93: FALSE | Q93: TRUE | R93: TRUE | S93: TRUE | T93: TRUE | U93: FALSE | V93: TRUE | W93: TRUE | X93: TRUE | Y93: TRUE | Z93: TRUE | AA93: TRUE | AB93: TRUE | AC93: TRUE | AD93: TRUE | AE93: TRUE | AF93: TRUE | AG93: TRUE | AH93: TRUE | AI93: TRUE | AJ93: TRUE | AK93: TRUE | AL93: TRUE | AM93: TRUE | AN93: TRUE | AO93: TRUE | AQ93: =COUNTIF(AG93:AO93,TRUE) -> 9
A94: Sagun Tripathi | B94: tiwarishagun2004@gmail.com | C94: 6386519074 | D94: Lucknow | E94: =COUNTIF($H94:AQ94,TRUE) + COUNTIF($H94:AQ94,FALSE) -> 33 | F94: =COUNTIF($H94:AQ94,TRUE) -> 32 | G94: =($F94/$E94)*100 -> 96.969697 | I94: TRUE | J94: TRUE | K94: TRUE | L94: TRUE | M94: TRUE | N94: TRUE | O94: TRUE | P94: TRUE | Q94: TRUE | R94: TRUE | S94: TRUE | T94: TRUE | U94: TRUE | V94: TRUE | W94: TRUE | X94: TRUE | Y94: TRUE | Z94: TRUE | AA94: TRUE | AB94: TRUE | AC94: TRUE | AD94: TRUE | AE94: TRUE | AF94: TRUE | AG94: TRUE | AH94: TRUE | AI94: TRUE | AJ94: FALSE | AK94: TRUE | AL94: TRUE | AM94: TRUE | AN94: TRUE | AO94: TRUE | AQ94: =COUNTIF(AG94:AO94,TRUE) -> 8
A95: Sah Faisal | B95: shahf9680@gmail.com | C95: 7905094122 | D95: Lucknow | E95: =COUNTIF($H95:AQ95,TRUE) + COUNTIF($H95:AQ95,FALSE) -> 33 | F95: =COUNTIF($H95:AQ95,TRUE) -> 4 | G95: =($F95/$E95)*100 -> 12.121212 | I95: FALSE | J95: FALSE | K95: FALSE | L95: FALSE | M95: FALSE | N95: FALSE | O95: FALSE | P95: FALSE | Q95: FALSE | R95: FALSE | S95: FALSE | T95: FALSE | U95: FALSE | V95: FALSE | W95: FALSE | X95: FALSE | Y95: FALSE | Z95: FALSE | AA95: FALSE | AB95: FALSE | AC95: TRUE | AD95: TRUE | AE95: TRUE | AF95: TRUE | AG95: FALSE | AH95: FALSE | AI95: FALSE | AJ95: FALSE | AK95: FALSE | AL95: FALSE | AM95: FALSE | AN95: FALSE | AO95: FALSE | AQ95: =COUNTIF(AG95:AO95,TRUE) -> 0
A96: Sandeep ghosh | B96: ghoshsandeep444@gmail.com | C96: 8887606131 | D96: Lucknow | E96: =COUNTIF($H96:AQ96,TRUE) + COUNTIF($H96:AQ96,FALSE) -> 33 | F96: =COUNTIF($H96:AQ96,TRUE) -> 9 | G96: =($F96/$E96)*100 -> 27.272727 | I96: FALSE | J96: FALSE | K96: FALSE | L96: FALSE | M96: FALSE | N96: FALSE | O96: FALSE | P96: FALSE | Q96: FALSE | R96: FALSE | S96: FALSE | T96: FALSE | U96: FALSE | V96: FALSE | W96: TRUE | X96: FALSE | Y96: FALSE | Z96: TRUE | AA96: FALSE | AB96: FALSE | AC96: TRUE | AD96: TRUE | AE96: FALSE | AF96: FALSE | AG96: FALSE | AH96: FALSE | AI96: FALSE | AJ96: FALSE | AK96: TRUE | AL96: TRUE | AM96: TRUE | AN96: TRUE | AO96: TRUE | AQ96: =COUNTIF(AG96:AO96,TRUE) -> 5
A97: Sandeep Kumar Yadav | B97: divyanshyaduvanshi2020@gmail.com | C97: 9369379442 | D97: Lucknow | E97: =COUNTIF($H97:AQ97,TRUE) + COUNTIF($H97:AQ97,FALSE) -> 33 | F97: =COUNTIF($H97:AQ97,TRUE) -> 27 | G97: =($F97/$E97)*100 -> 81.818182 | I97: TRUE | J97: TRUE | K97: TRUE | L97: TRUE | M97: TRUE | N97: TRUE | O97: FALSE | P97: FALSE | Q97: TRUE | R97: TRUE | S97: TRUE | T97: TRUE | U97: TRUE | V97: TRUE | W97: TRUE | X97: FALSE | Y97: TRUE | Z97: FALSE | AA97: TRUE | AB97: TRUE | AC97: TRUE | AD97: TRUE | AE97: TRUE | AF97: TRUE | AG97: FALSE | AH97: TRUE | AI97: TRUE | AJ97: FALSE | AK97: TRUE | AL97: TRUE | AM97: TRUE | AN97: TRUE | AO97: TRUE | AQ97: =COUNTIF(AG97:AO97,TRUE) -> 7
A98: Sarika Gupta | B98: sarikagupta2680@gmail.com | C98: 6386807515 | D98: Lucknow | E98: =COUNTIF($H98:AQ98,TRUE) + COUNTIF($H98:AQ98,FALSE) -> 33 | F98: =COUNTIF($H98:AQ98,TRUE) -> 23 | G98: =($F98/$E98)*100 -> 69.69697 | I98: TRUE | J98: TRUE | K98: TRUE | L98: TRUE | M98: TRUE | N98: FALSE | O98: TRUE | P98: TRUE | Q98: TRUE | R98: TRUE | S98: FALSE | T98: FALSE | U98: FALSE | V98: FALSE | W98: TRUE | X98: TRUE | Y98: FALSE | Z98: FALSE | AA98: FALSE | AB98: FALSE | AC98: TRUE | AD98: TRUE | AE98: TRUE | AF98: TRUE | AG98: FALSE | AH98: TRUE | AI98: TRUE | AJ98: TRUE | AK98: TRUE | AL98: TRUE | AM98: TRUE | AN98: TRUE | AO98: TRUE | AQ98: =COUNTIF(AG98:AO98,TRUE) -> 8
A99: Sarthak Sahu | B99: sarthak.sahu2448@gmail.com | C99: 8299185347 | D99: Lucknow | E99: =COUNTIF($H99:AQ99,TRUE) + COUNTIF($H99:AQ99,FALSE) -> 33 | F99: =COUNTIF($H99:AQ99,TRUE) -> 33 | G99: =($F99/$E99)*100 -> 100 | I99: TRUE | J99: TRUE | K99: TRUE | L99: TRUE | M99: TRUE | N99: TRUE | O99: TRUE | P99: TRUE | Q99: TRUE | R99: TRUE | S99: TRUE | T99: TRUE | U99: TRUE | V99: TRUE | W99: TRUE | X99: TRUE | Y99: TRUE | Z99: TRUE | AA99: TRUE | AB99: TRUE | AC99: TRUE | AD99: TRUE | AE99: TRUE | AF99: TRUE | AG99: TRUE | AH99: TRUE | AI99: TRUE | AJ99: TRUE | AK99: TRUE | AL99: TRUE | AM99: TRUE | AN99: TRUE | AO99: TRUE | AQ99: =COUNTIF(AG99:AO99,TRUE) -> 9
A100: Satish Anand | B100: anandji706892@gmail.com | C100: 7521915197 | D100: Lucknow | E100: =COUNTIF($H100:AQ100,TRUE) + COUNTIF($H100:AQ100,FALSE) -> 33 | F100: =COUNTIF($H100:AQ100,TRUE) -> 21 | G100: =($F100/$E100)*100 -> 63.636364 | I100: FALSE | J100: TRUE | K100: TRUE | L100: TRUE | M100: FALSE | N100: TRUE | O100: TRUE | P100: TRUE | Q100: TRUE | R100: TRUE | S100: FALSE | T100: TRUE | U100: FALSE | V100: TRUE | W100: FALSE | X100: FALSE | Y100: FALSE | Z100: FALSE | AA100: FALSE | AB100: FALSE | AC100: TRUE | AD100: TRUE | AE100: TRUE | AF100: TRUE | AG100: FALSE | AH100: TRUE | AI100: FALSE | AJ100: TRUE | AK100: TRUE | AL100: TRUE | AM100: TRUE | AN100: TRUE | AO100: TRUE | AQ100: =COUNTIF(AG100:AO100,TRUE) -> 7
A101: Satvik Pratap Singh | B101: singhsatvikpratap@gmail.com | C101: 9335889944 | D101: Lucknow | E101: =COUNTIF($H101:AQ101,TRUE) + COUNTIF($H101:AQ101,FALSE) -> 33 | F101: =COUNTIF($H101:AQ101,TRUE) -> 4 | G101: =($F101/$E101)*100 -> 12.121212 | I101: FALSE | J101: FALSE | K101: FALSE | L101: FALSE | M101: FALSE | N101: FALSE | O101: FALSE | P101: FALSE | Q101: FALSE | R101: FALSE | S101: FALSE | T101: FALSE | U101: FALSE | V101: FALSE | W101: FALSE | X101: FALSE | Y101: FALSE | Z101: FALSE | AA101: FALSE | AB101: FALSE | AC101: FALSE | AD101: FALSE | AE101: FALSE | AF101: FALSE | AG101: FALSE | AH101: FALSE | AI101: FALSE | AJ101: FALSE | AK101: TRUE | AL101: TRUE | AM101: FALSE | AN101: TRUE | AO101: TRUE | AQ101: =COUNTIF(AG101:AO101,TRUE) -> 4
A102: Satyaprakash Sahu | B102: satyaprakashsahu58637@gmail.com | C102: 9005930095 | D102: Lucknow | E102: =COUNTIF($H102:AQ102,TRUE) + COUNTIF($H102:AQ102,FALSE) -> 33 | F102: =COUNTIF($H102:AQ102,TRUE) -> 16 | G102: =($F102/$E102)*100 -> 48.484848 | I102: FALSE | J102: TRUE | K102: FALSE | L102: FALSE | M102: FALSE | N102: TRUE | O102: FALSE | P102: FALSE | Q102: FALSE | R102: FALSE | S102: FALSE | T102: FALSE | U102: TRUE | V102: TRUE | W102: FALSE | X102: FALSE | Y102: FALSE | Z102: FALSE | AA102: FALSE | AB102: FALSE | AC102: TRUE | AD102: TRUE | AE102: TRUE | AF102: FALSE | AG102: TRUE | AH102: TRUE | AI102: TRUE | AJ102: TRUE | AK102: TRUE | AL102: TRUE | AM102: TRUE | AN102: TRUE | AO102: TRUE | AQ102: =COUNTIF(AG102:AO102,TRUE) -> 9
A103: Saurabh yadav | B103: ysaurabh252@gmail.com | C103: 7897546429 | D103: Lucknow | E103: =COUNTIF($H103:AQ103,TRUE) + COUNTIF($H103:AQ103,FALSE) -> 33 | F103: =COUNTIF($H103:AQ103,TRUE) -> 25 | G103: =($F103/$E103)*100 -> 75.757576 | I103: TRUE | J103: TRUE | K103: TRUE | L103: TRUE | M103: TRUE | N103: FALSE | O103: FALSE | P103: FALSE | Q103: TRUE | R103: TRUE | S103: FALSE | T103: FALSE | U103: TRUE | V103: TRUE | W103: TRUE | X103: TRUE | Y103: FALSE | Z103: TRUE | AA103: TRUE | AB103: TRUE | AC103: FALSE | AD103: TRUE | AE103: TRUE | AF103: TRUE | AG103: TRUE | AH103: TRUE | AI103: TRUE | AJ103: TRUE | AK103: TRUE | AL103: TRUE | AM103: FALSE | AN103: TRUE | AO103: TRUE | AQ103: =COUNTIF(AG103:AO103,TRUE) -> 8
A104: Shamsher | B104: shahbazkhan75528@gmail.com | C104: 9289549503 | D104: Lucknow | E104: =COUNTIF($H104:AQ104,TRUE) + COUNTIF($H104:AQ104,FALSE) -> 33 | F104: =COUNTIF($H104:AQ104,TRUE) -> 26 | G104: =($F104/$E104)*100 -> 78.787879 | I104: FALSE | J104: TRUE | K104: TRUE | L104: TRUE | M104: FALSE | N104: TRUE | O104: TRUE | P104: TRUE | Q104: TRUE | R104: FALSE | S104: FALSE | T104: FALSE | U104: FALSE | V104: FALSE | W104: TRUE | X104: TRUE | Y104: TRUE | Z104: TRUE | AA104: TRUE | AB104: TRUE | AC104: TRUE | AD104: TRUE | AE104: TRUE | AF104: TRUE | AG104: TRUE | AH104: TRUE | AI104: TRUE | AJ104: TRUE | AK104: TRUE | AL104: TRUE | AM104: TRUE | AN104: TRUE | AO104: TRUE | AQ104: =COUNTIF(AG104:AO104,TRUE) -> 9
A105: Shashank Singh | B105: shashanksingh6725@gmail.com | C105: 8417819845 | D105: Lucknow | E105: =COUNTIF($H105:AQ105,TRUE) + COUNTIF($H105:AQ105,FALSE) -> 33 | F105: =COUNTIF($H105:AQ105,TRUE) -> 19 | G105: =($F105/$E105)*100 -> 57.575758 | I105: TRUE | J105: TRUE | K105: TRUE | L105: TRUE | M105: FALSE | N105: TRUE | O105: TRUE | P105: TRUE | Q105: FALSE | R105: FALSE | S105: FALSE | T105: FALSE | U105: FALSE | V105: FALSE | W105: FALSE | X105: FALSE | Y105: FALSE | Z105: FALSE | AA105: FALSE | AB105: FALSE | AC105: TRUE | AD105: TRUE | AE105: TRUE | AF105: TRUE | AG105: TRUE | AH105: FALSE | AI105: TRUE | AJ105: TRUE | AK105: TRUE | AL105: TRUE | AM105: TRUE | AN105: TRUE | AO105: TRUE | AQ105: =COUNTIF(AG105:AO105,TRUE) -> 8
A106: Shashank Sinha | B106: shashank2227@gmail.com | C106: 8318043169 | D106: Lucknow | E106: =COUNTIF($H106:AQ106,TRUE) + COUNTIF($H106:AQ106,FALSE) -> 33 | F106: =COUNTIF($H106:AQ106,TRUE) -> 23 | G106: =($F106/$E106)*100 -> 69.69697 | I106: TRUE | J106: TRUE | K106: TRUE | L106: TRUE | M106: TRUE | N106: TRUE | O106: FALSE | P106: FALSE | Q106: TRUE | R106: TRUE | S106: TRUE | T106: TRUE | U106: TRUE | V106: TRUE | W106: TRUE | X106: FALSE | Y106: FALSE | Z106: FALSE | AA106: FALSE | AB106: FALSE | AC106: TRUE | AD106: TRUE | AE106: FALSE | AF106: TRUE | AG106: FALSE | AH106: FALSE | AI106: TRUE | AJ106: TRUE | AK106: TRUE | AL106: TRUE | AM106: TRUE | AN106: TRUE | AO106: TRUE | AQ106: =COUNTIF(AG106:AO106,TRUE) -> 7
A107: Shashank Tripathi | B107: skt94507578@gmail.com | C107: 9670796603 | D107: Lucknow | E107: =COUNTIF($H107:AQ107,TRUE) + COUNTIF($H107:AQ107,FALSE) -> 33 | F107: =COUNTIF($H107:AQ107,TRUE) -> 6 | G107: =($F107/$E107)*100 -> 18.181818 | I107: FALSE | J107: FALSE | K107: FALSE | L107: FALSE | M107: FALSE | N107: FALSE | O107: FALSE | P107: FALSE | Q107: FALSE | R107: FALSE | S107: FALSE | T107: FALSE | U107: FALSE | V107: FALSE | W107: FALSE | X107: FALSE | Y107: FALSE | Z107: FALSE | AA107: FALSE | AB107: FALSE | AC107: TRUE | AD107: TRUE | AE107: FALSE | AF107: FALSE | AG107: TRUE | AH107: TRUE | AI107: FALSE | AJ107: TRUE | AK107: TRUE | AL107: FALSE | AM107: FALSE | AN107: FALSE | AO107: FALSE | AQ107: =COUNTIF(AG107:AO107,TRUE) -> 4
A108: Shikhar Yadav | B108: shikharyad@gmail.com | C108: 6388358526 | D108: Lucknow | E108: =COUNTIF($H108:AQ108,TRUE) + COUNTIF($H108:AQ108,FALSE) -> 33 | F108: =COUNTIF($H108:AQ108,TRUE) -> 9 | G108: =($F108/$E108)*100 -> 27.272727 | I108: FALSE | J108: FALSE | K108: FALSE | L108: FALSE | M108: FALSE | N108: FALSE | O108: FALSE | P108: FALSE | Q108: FALSE | R108: FALSE | S108: FALSE | T108: FALSE | U108: FALSE | V108: FALSE | W108: FALSE | X108: FALSE | Y108: FALSE | Z108: FALSE | AA108: FALSE | AB108: FALSE | AC108: FALSE | AD108: FALSE | AE108: TRUE | AF108: TRUE | AG108: TRUE | AH108: TRUE | AI108: FALSE | AJ108: FALSE | AK108: TRUE | AL108: TRUE | AM108: TRUE | AN108: TRUE | AO108: TRUE | AQ108: =COUNTIF(AG108:AO108,TRUE) -> 7
A109: Shishir Pandey | B109: Shishirp760@gmail.com | C109: 6387513567 | D109: Lucknow | E109: =COUNTIF($H109:AQ109,TRUE) + COUNTIF($H109:AQ109,FALSE) -> 33 | F109: =COUNTIF($H109:AQ109,TRUE) -> 18 | G109: =($F109/$E109)*100 -> 54.545455 | I109: TRUE | J109: TRUE | K109: FALSE | L109: FALSE | M109: FALSE | N109: FALSE | O109: FALSE | P109: FALSE | Q109: FALSE | R109: FALSE | S109: TRUE | T109: FALSE | U109: TRUE | V109: TRUE | W109: FALSE | X109: FALSE | Y109: TRUE | Z109: TRUE | AA109: TRUE | AB109: TRUE | AC109: TRUE | AD109: TRUE | AE109: TRUE | AF109: TRUE | AG109: FALSE | AH109: FALSE | AI109: FALSE | AJ109: FALSE | AK109: TRUE | AL109: TRUE | AM109: TRUE | AN109: TRUE | AO109: TRUE | AQ109: =COUNTIF(AG109:AO109,TRUE) -> 5
A110: Shivam chaudhary | B110: shivamchaudhary963412@gmail.com | C110: 9634666212 | D110: Lucknow | E110: =COUNTIF($H110:AQ110,TRUE) + COUNTIF($H110:AQ110,FALSE) -> 33 | F110: =COUNTIF($H110:AQ110,TRUE) -> 28 | G110: =($F110/$E110)*100 -> 84.848485 | I110: TRUE | J110: TRUE | K110: FALSE | L110: TRUE | M110: TRUE | N110: TRUE | O110: FALSE | P110: FALSE | Q110: TRUE | R110: TRUE | S110: TRUE | T110: FALSE | U110: TRUE | V110: TRUE | W110: FALSE | X110: TRUE | Y110: TRUE | Z110: TRUE | AA110: TRUE | AB110: TRUE | AC110: TRUE | AD110: TRUE | AE110: TRUE | AF110: TRUE | AG110: TRUE | AH110: TRUE | AI110: TRUE | AJ110: TRUE | AK110: TRUE | AL110: TRUE | AM110: TRUE | AN110: TRUE | AO110: TRUE | AQ110: =COUNTIF(AG110:AO110,TRUE) -> 9
...

Sheet DA 3
A1: Name | B1: Email | C1: Contact | D1: Centre | E1: Total Classes | F1: Attended Classes | G1: Attendance Percentage | I1: 46096 | J1: 46095 | K1: 46089 | L1: 46088 | M1: 46082 | N1: 46081 | O1: 46075 | P1: 46074 | Q1: 46068
A2: Abhishek kumar | B2: abhishek2chakand@gmail.com | C2: 9711451737 | D2: Gurugram | E2: =COUNTIF($H2:Z2,TRUE) + COUNTIF($H2:Z2,FALSE) -> 9 | F2: =COUNTIF($H2:Z2,TRUE) -> 9 | G2: =($F2/$E2)*100 -> 100 | I2: TRUE | J2: TRUE | K2: TRUE | L2: TRUE | M2: TRUE | N2: TRUE | O2: TRUE | P2: TRUE | Q2: TRUE
A3: Amreen Iqbal | B3: areemaiqbal2004@gmail.com | C3: 6392415485 | D3: Gurugram | E3: =COUNTIF($H3:Z3,TRUE) + COUNTIF($H3:Z3,FALSE) -> 9 | F3: =COUNTIF($H3:Z3,TRUE) -> 9 | G3: =($F3/$E3)*100 -> 100 | I3: TRUE | J3: TRUE | K3: TRUE | L3: TRUE | M3: TRUE | N3: TRUE | O3: TRUE | P3: TRUE | Q3: TRUE
A4: Amrita prasar | B4: princessamrita001@gmail.com | C4: 8102480586 | D4: Gurugram | E4: =COUNTIF($H4:Z4,TRUE) + COUNTIF($H4:Z4,FALSE) -> 9 | F4: =COUNTIF($H4:Z4,TRUE) -> 4 | G4: =($F4/$E4)*100 -> 44.444444 | I4: TRUE | J4: TRUE | K4: TRUE | L4: TRUE | M4: FALSE | N4: FALSE | O4: FALSE | P4: FALSE | Q4: FALSE
A5: Anurag kumar pal | B5: anuragpal490@gmail.com | C5: 7985578601 | D5: Gurugram | E5: =COUNTIF($H5:Z5,TRUE) + COUNTIF($H5:Z5,FALSE) -> 9 | F5: =COUNTIF($H5:Z5,TRUE) -> 8 | G5: =($F5/$E5)*100 -> 88.888889 | I5: TRUE | J5: TRUE | K5: TRUE | L5: TRUE | M5: TRUE | N5: TRUE | O5: TRUE | P5: TRUE | Q5: FALSE
A6: Ashish kashyap | B6: signatureashish@yahoo.com | C6: 7042280845 | D6: Gurugram | E6: =COUNTIF($H6:Z6,TRUE) + COUNTIF($H6:Z6,FALSE) -> 9 | F6: =COUNTIF($H6:Z6,TRUE) -> 7 | G6: =($F6/$E6)*100 -> 77.777778 | I6: TRUE | J6: TRUE | K6: TRUE | L6: TRUE | M6: TRUE | N6: TRUE | O6: FALSE | P6: FALSE | Q6: TRUE
A7: Ayesha | B7: ayesha.singh760@gmail.com | C7: 7008972815 | D7: Gurugram | E7: =COUNTIF($H7:Z7,TRUE) + COUNTIF($H7:Z7,FALSE) -> 9 | F7: =COUNTIF($H7:Z7,TRUE) -> 9 | G7: =($F7/$E7)*100 -> 100 | I7: TRUE | J7: TRUE | K7: TRUE | L7: TRUE | M7: TRUE | N7: TRUE | O7: TRUE | P7: TRUE | Q7: TRUE
A8: Bhagwan Pal | B8: bhagwanpal111@gmail.com | C8: 7462850751 | D8: Gurugram | E8: =COUNTIF($H8:Z8,TRUE) + COUNTIF($H8:Z8,FALSE) -> 9 | F8: =COUNTIF($H8:Z8,TRUE) -> 1 | G8: =($F8/$E8)*100 -> 11.111111 | I8: FALSE | J8: FALSE | K8: FALSE | L8: FALSE | M8: FALSE | N8: FALSE | O8: FALSE | P8: TRUE | Q8: FALSE
A9: Deepanshi | B9: deepanshibhatia654@gmail.com | C9: 8168861652 | D9: Gurugram | E9: =COUNTIF($H9:Z9,TRUE) + COUNTIF($H9:Z9,FALSE) -> 9 | F9: =COUNTIF($H9:Z9,TRUE) -> 9 | G9: =($F9/$E9)*100 -> 100 | I9: TRUE | J9: TRUE | K9: TRUE | L9: TRUE | M9: TRUE | N9: TRUE | O9: TRUE | P9: TRUE | Q9: TRUE
A10: Devashish Soni | B10: 97devashish@gmail.com | C10: 9873214096 | D10: Gurugram | E10: =COUNTIF($H10:Z10,TRUE) + COUNTIF($H10:Z10,FALSE) -> 9 | F10: =COUNTIF($H10:Z10,TRUE) -> 7 | G10: =($F10/$E10)*100 -> 77.777778 | I10: TRUE | J10: TRUE | K10: TRUE | L10: TRUE | M10: FALSE | N10: FALSE | O10: TRUE | P10: TRUE | Q10: TRUE
A11: Keerti Kaushik | B11: cakeertikaushik187@gmail.com | C11: 8434734213 | D11: Gurugram | E11: =COUNTIF($H11:Z11,TRUE) + COUNTIF($H11:Z11,FALSE) -> 9 | F11: =COUNTIF($H11:Z11,TRUE) -> 9 | G11: =($F11/$E11)*100 -> 100 | I11: TRUE | J11: TRUE | K11: TRUE | L11: TRUE | M11: TRUE | N11: TRUE | O11: TRUE | P11: TRUE | Q11: TRUE
A12: Nikita Bhatnagar | B12: nikitabhatnagar.april@gmail.com | C12: 8279863791 | D12: Gurugram | E12: =COUNTIF($H12:Z12,TRUE) + COUNTIF($H12:Z12,FALSE) -> 9 | F12: =COUNTIF($H12:Z12,TRUE) -> 9 | G12: =($F12/$E12)*100 -> 100 | I12: TRUE | J12: TRUE | K12: TRUE | L12: TRUE | M12: TRUE | N12: TRUE | O12: TRUE | P12: TRUE | Q12: TRUE
A13: Priyanka rani | B13: bidhuripriyanka6666@gmail.com | C13: 8076896039 | D13: Gurugram | E13: =COUNTIF($H13:Z13,TRUE) + COUNTIF($H13:Z13,FALSE) -> 9 | F13: =COUNTIF($H13:Z13,TRUE) -> 7 | G13: =($F13/$E13)*100 -> 77.777778 | I13: TRUE | J13: TRUE | K13: TRUE | L13: TRUE | M13: FALSE | N13: FALSE | O13: TRUE | P13: TRUE | Q13: TRUE
... A26: Aditya Shrivastava | B26: adityashrivastava22nov@gmail.com | C26: 8770795662 | D26: Indore | E26: =COUNTIF($H26:Z26,TRUE) + COUNTIF($H26:Z26,FALSE) -> 9 | F26: =COUNTIF($H26:Z26,TRUE) -> 8 | G26: =($F26/$E26)*100 -> 88.888889 | I26: TRUE | J26: TRUE | K26: FALSE | L26: TRUE | M26: TRUE | N26: TRUE | O26: TRUE | P26: TRUE | Q26: TRUE
A27: Aniket Mishra | B27: aniketmishra4643@gmail.com | C27: 7378648469 | D27: Indore | E27: =COUNTIF($H27:Z27,TRUE) + COUNTIF($H27:Z27,FALSE) -> 6 | F27: =COUNTIF($H27:Z27,TRUE) -> 1 | G27: =($F27/$E27)*100 -> 16.666667 | I27: FALSE | J27: TRUE | K27: FALSE | L27: FALSE | M27: FALSE | N27: FALSE
A28: Anirudh Singh Rajput | B28: rudh.rajput02@gmail.com | C28: 6264297573 | D28: Indore | E28: =COUNTIF($H28:Z28,TRUE) + COUNTIF($H28:Z28,FALSE) -> 9 | F28: =COUNTIF($H28:Z28,TRUE) -> 2 | G28: =($F28/$E28)*100 -> 22.222222 | I28: FALSE | J28: FALSE | K28: FALSE | L28: TRUE | M28: FALSE | N28: FALSE | O28: TRUE | P28: FALSE | Q28: FALSE
A29: Anshul Patidar | B29: patidaranshul112@gmail.com | C29: 7869329802 | D29: Indore | E29: =COUNTIF($H29:Z29,TRUE) + COUNTIF($H29:Z29,FALSE) -> 2 | F29: =COUNTIF($H29:Z29,TRUE) -> 1 | G29: =($F29/$E29)*100 -> 50 | I29: FALSE | J29: TRUE
A30: Dhruv Nandan Upadhyay | B30: dhruvnandan8@gmail.com | C30: 7024295946 | D30: Indore | E30: =COUNTIF($H30:Z30,TRUE) + COUNTIF($H30:Z30,FALSE) -> 9 | F30: =COUNTIF($H30:Z30,TRUE) -> 4 | G30: =($F30/$E30)*100 -> 44.444444 | I30: TRUE | J30: TRUE | K30: TRUE | L30: TRUE | M30: FALSE | N30: FALSE | O30: FALSE | P30: FALSE | Q30: FALSE
A31: Kartik Singh | B31: Kartiksingh1588@gmail.com | C31: 9806870726 | D31: Indore | E31: =COUNTIF($H31:Z31,TRUE) + COUNTIF($H31:Z31,FALSE) -> 9 | F31: =COUNTIF($H31:Z31,TRUE) -> 9 | G31: =($F31/$E31)*100 -> 100 | I31: TRUE | J31: TRUE | K31: TRUE | L31: TRUE | M31: TRUE | N31: TRUE | O31: TRUE | P31: TRUE | Q31: TRUE
A32: Kartik Singh Baghel | B32: kartikbaghel631@gmail.com | C32: 7805941121 | D32: Indore | E32: =COUNTIF($H32:Z32,TRUE) + COUNTIF($H32:Z32,FALSE) -> 8 | F32: =COUNTIF($H32:Z32,TRUE) -> 6 | G32: =($F32/$E32)*100 -> 75 | I32: TRUE | J32: TRUE | K32: TRUE | L32: FALSE | M32: TRUE | N32: TRUE | O32: TRUE | P32: FALSE
A33: Krishna Singh | D33: Indore | E33: =COUNTIF($H33:Z33,TRUE) + COUNTIF($H33:Z33,FALSE) -> 6 | F33: =COUNTIF($H33:Z33,TRUE) -> 1 | G33: =($F33/$E33)*100 -> 16.666667 | I33: FALSE | J33: FALSE | K33: FALSE | L33: FALSE | M33: FALSE | N33: TRUE
A34: Pratyush Nagar | B34: Pratyushnagar750@gmail.com | C34: 9981720238 | D34: Indore | E34: =COUNTIF($H34:Z34,TRUE) + COUNTIF($H34:Z34,FALSE) -> 9 | F34: =COUNTIF($H34:Z34,TRUE) -> 8 | G34: =($F34/$E34)*100 -> 88.888889 | I34: TRUE | J34: TRUE | K34: TRUE | L34: TRUE | M34: FALSE | N34: TRUE | O34: TRUE | P34: TRUE | Q34: TRUE
A35: Rajat Yadav | B35: rajat99awesome@gmail.com | C35: 8085788897 | D35: Indore | E35: =COUNTIF($H35:Z35,TRUE) + COUNTIF($H35:Z35,FALSE) -> 8 | F35: =COUNTIF($H35:Z35,TRUE) -> 7 | G35: =($F35/$E35)*100 -> 87.5 | I35: TRUE | J35: TRUE | K35: FALSE | L35: TRUE | M35: TRUE | N35: TRUE | O35: TRUE | P35: TRUE
A36: Ritik Singh Thakur | B36: thakurritik176@gmail.com | C36: 6261198089 | D36: Indore | E36: =COUNTIF($H36:Z36,TRUE) + COUNTIF($H36:Z36,FALSE) -> 9 | F36: =COUNTIF($H36:Z36,TRUE) -> 4 | G36: =($F36/$E36)*100 -> 44.444444 | I36: TRUE | J36: TRUE | K36: TRUE | L36: TRUE | M36: FALSE | N36: FALSE | O36: FALSE | P36: FALSE | Q36: FALSE
A37: Sachin Solanki | B37: sachinss14312@gmail.com | C37: 8357053589 | D37: Indore | E37: =COUNTIF($H37:Z37,TRUE) + COUNTIF($H37:Z37,FALSE) -> 9 | F37: =COUNTIF($H37:Z37,TRUE) -> 0 | G37: =($F37/$E37)*100 -> 0 | I37: FALSE | J37: FALSE | K37: FALSE | L37: FALSE | M37: FALSE | N37: FALSE | O37: FALSE | P37: FALSE | Q37: FALSE
A38: Sajjan Patel | B38: sajjanpatel635@gmail.com | C38: 6260383580 | D38: Indore | E38: =COUNTIF($H38:Z38,TRUE) + COUNTIF($H38:Z38,FALSE) -> 9 | F38: =COUNTIF($H38:Z38,TRUE) -> 8 | G38: =($F38/$E38)*100 -> 88.888889 | I38: TRUE | J38: TRUE | K38: FALSE | L38: TRUE | M38: TRUE | N38: TRUE | O38: TRUE | P38: TRUE | Q38: TRUE
A39: Saras Jain | B39: sarasjain60@gmail.com | C39: 8827579584 | D39: Indore | E39: =COUNTIF($H39:Z39,TRUE) + COUNTIF($H39:Z39,FALSE) -> 8 | F39: =COUNTIF($H39:Z39,TRUE) -> 6 | G39: =($F39/$E39)*100 -> 75 | I39: TRUE | J39: TRUE | K39: TRUE | L39: TRUE | M39: TRUE | N39: TRUE | O39: FALSE | P39: FALSE
A40: Shrashti Masheshwari | B40: Shrastimaheshwari52@gmail.com | C40: 6266196045 | D40: Indore | E40: =COUNTIF($H40:Z40,TRUE) + COUNTIF($H40:Z40,FALSE) -> 9 | F40: =COUNTIF($H40:Z40,TRUE) -> 7 | G40: =($F40/$E40)*100 -> 77.777778 | I40: TRUE | J40: TRUE | K40: FALSE | L40: FALSE | M40: TRUE | N40: TRUE | O40: TRUE | P40: TRUE | Q40: TRUE
A41: Shruti | B41: shrutishrivastava2103@gmail.com | C41: 7877637393 | D41: Indore | E41: =COUNTIF($H41:Z41,TRUE) + COUNTIF($H41:Z41,FALSE) -> 9 | F41: =COUNTIF($H41:Z41,TRUE) -> 2 | G41: =($F41/$E41)*100 -> 22.222222 | I41: FALSE | J41: TRUE | K41: FALSE | L41: FALSE | M41: FALSE | N41: FALSE | O41: FALSE | P41: FALSE | Q41: TRUE
A42: Siddharth Yadav | B42: siddharthyadav65784@gmail.com | C42: 7400619377 | D42: Indore | E42: =COUNTIF($H42:Z42,TRUE) + COUNTIF($H42:Z42,FALSE) -> 7 | F42: =COUNTIF($H42:Z42,TRUE) -> 2 | G42: =($F42/$E42)*100 -> 28.571429 | I42: FALSE | J42: FALSE | K42: FALSE | L42: FALSE | M42: FALSE | O42: TRUE | Q42: TRUE
A43: Smriti Soni | B43: smritisoni04@gmail.com | C43: 8223007507 | D43: Indore | E43: =COUNTIF($H43:Z43,TRUE) + COUNTIF($H43:Z43,FALSE) -> 9 | F43: =COUNTIF($H43:Z43,TRUE) -> 9 | G43: =($F43/$E43)*100 -> 100 | I43: TRUE | J43: TRUE | K43: TRUE | L43: TRUE | M43: TRUE | N43: TRUE | O43: TRUE | P43: TRUE | Q43: TRUE
A44: Tanishka Khatri | B44: tanishkakhatri20@gmail.com | C44: 9993201201 | D44: Indore | E44: =COUNTIF($H44:Z44,TRUE) + COUNTIF($H44:Z44,FALSE) -> 9 | F44: =COUNTIF($H44:Z44,TRUE) -> 8 | G44: =($F44/$E44)*100 -> 88.888889 | I44: TRUE | J44: TRUE | K44: TRUE | L44: TRUE | M44: TRUE | N44: TRUE | O44: TRUE | P44: FALSE | Q44: TRUE
A45: Tarun Verma | B45: tarunverma8804@gmail.com | C45: 6265498804 | D45: Indore | E45: =COUNTIF($H45:Z45,TRUE) + COUNTIF($H45:Z45,FALSE) -> 9 | F45: =COUNTIF($H45:Z45,TRUE) -> 3 | G45: =($F45/$E45)*100 -> 33.333333 | I45: FALSE | J45: TRUE | K45: TRUE | L45: TRUE | M45: FALSE | N45: FALSE | O45: FALSE | P45: FALSE | Q45: FALSE
A46: Vaishnavi Shukla | B46: shuklavaishnavi1601@gmail.com | C46: 6265199540 | D46: Indore | E46: =COUNTIF($H46:Z46,TRUE) + COUNTIF($H46:Z46,FALSE) -> 9 | F46: =COUNTIF($H46:Z46,TRUE) -> 8 | G46: =($F46/$E46)*100 -> 88.888889 | I46: TRUE | J46: TRUE | K46: FALSE | L46: TRUE | M46: TRUE | N46: TRUE | O46: TRUE | P46: TRUE | Q46: TRUE
A47: Vanshika Piplodiya | B47: vanshikapiplodiya@g,ail.com | C47: 7354989809 | D47: Indore | E47: =COUNTIF($H47:Z47,TRUE) + COUNTIF($H47:Z47,FALSE) -> 9 | F47: =COUNTIF($H47:Z47,TRUE) -> 6 | G47: =($F47/$E47)*100 -> 66.666667 | I47: TRUE | J47: TRUE | K47: TRUE | L47: TRUE | M47: FALSE | N47: TRUE | O47: TRUE | P47: FALSE | Q47: FALSE
A48: Yashika Malviya | B48: yashikamalviya801@gmail.com | C48: 7489246349 | D48: Indore | E48: =COUNTIF($H48:Z48,TRUE) + COUNTIF($H48:Z48,FALSE) -> 9 | F48: =COUNTIF($H48:Z48,TRUE) -> 6 | G48: =($F48/$E48)*100 -> 66.666667 | I48: TRUE | J48: TRUE | K48: FALSE | L48: TRUE | M48: FALSE | N48: FALSE | O48: TRUE | P48: TRUE | Q48: TRUE
A49: Yashraj Sharma | B49: yashrajsharma937@gmail.com | C49: 9301526536 | D49: Indore | E49: =COUNTIF($H49:Z49,TRUE) + COUNTIF($H49:Z49,FALSE) -> 9 | F49: =COUNTIF($H49:Z49,TRUE) -> 2 | G49: =($F49/$E49)*100 -> 22.222222 | I49: TRUE | J49: TRUE | K49: FALSE | L49: FALSE | M49: FALSE | N49: FALSE | O49: FALSE | P49: FALSE | Q49: FALSE

Sheet FSD 1
A1: Name | B1: Registered Mobile | C1: Email | D1: Center Name | E1: TA Name | F1: 46098 | G1: 46097 | H1: 46094 | I1: 46091 | J1: 46090 | K1: 46087 | L1: 46084 | M1: 46083 | N1: 46080 | O1: 46077 | P1: 46076 | Q1: 46073 | R1: 46070 | S1: 46069 | T1: 46066 | U1: 46063 | V1: 46062 | W1: 46059 | X1: 46056 | Y1: 46055 | Z1: 46052 | AA1: 46049 | AB1: 46045 | AC1: 46042 | AD1: 46041 | AE1: 46038 | AF1: 46035 | AG1: 46034 | AH1: 46031 | AI1: 46028 | AJ1: 46027 | AK1: 46024 | AL1: 46013 | AM1: 46010 | AN1: 46007 | AO1: 46006 | AP1: 46003 | AQ1: 46000 | AR1: 45999 | AS1: 45996 | AT1: 45993 | AU1: 45992 | AV1: 45989 | AW1: 45986 | AX1: 45985 | AY1: 45982 | AZ1: 45979 | BA1: 45978 | BB1: 45975 | BC1: 45972 | BD1: 45971 | BE1: 45968 | BF1: 45965 | BG1: 45964 | BH1: 45961 | BI1: 45958 | BJ1: 45957 | BK1: 45954 | BL1: 45945 | BM1: 45944 | BN1: 45943 | BO1: 45940 | BP1: 45937 | BQ1: 45936 | BR1: 45933 | BS1: 45930 | BT1: 45929 | BU1: 45926 | BV1: 45925 | BW1: 45923 | BX1: 45922 | BY1: 45919 | BZ1: 45918 | CA1: 45916 | CB1: 45915 | CC1: 45912 | CD1: 45911 | CE1: 45909 | CF1: 45908 | CG1: 45905 | CH1: 45904 | CI1: 45902 | CJ1: 45901 | CK1: 45898 | CL1: 45897 | CM1: 45895 | CN1: 45894
A2: Heramb Jha | B2: 9693950103 | C2: jhas202282@gmail.com | D2: Bangalore | E2: Raj Sah | F2: FALSE | G2: FALSE | H2: FALSE | I2: FALSE | J2: FALSE | K2: FALSE | L2: FALSE | M2: FALSE | N2: FALSE | O2: FALSE | P2: FALSE | Q2: FALSE | R2: FALSE | S2: FALSE | T2: FALSE | U2: FALSE | V2: FALSE | W2: FALSE | X2: FALSE | Y2: FALSE | Z2: FALSE | AA2: FALSE | AB2: FALSE | AC2: FALSE | AD2: FALSE | AE2: FALSE | AF2: FALSE | AG2: FALSE | AH2: FALSE | AI2: FALSE | AJ2: FALSE | AK2: FALSE | AL2: FALSE | AM2: FALSE | AN2: FALSE | AO2: FALSE | AP2: FALSE | AQ2: FALSE | AR2: FALSE | AS2: FALSE | AT2: FALSE | AU2: FALSE | AV2: FALSE | AW2: FALSE | AX2: FALSE | AY2: FALSE | AZ2: FALSE | BA2: FALSE | BB2: FALSE | BC2: FALSE | BD2: FALSE | BE2: FALSE | BF2: FALSE | BG2: FALSE | BH2: FALSE | BI2: FALSE | BJ2: FALSE | BK2: FALSE | BL2: FALSE | BM2: FALSE | BN2: FALSE | BO2: FALSE | BP2: FALSE | BQ2: FALSE | BR2: FALSE | BS2: FALSE | BT2: FALSE | BU2: FALSE | BV2: FALSE | BW2: FALSE | BX2: FALSE | BY2: FALSE | BZ2: FALSE | CA2: FALSE | CB2: FALSE | CC2: FALSE | CD2: FALSE | CE2: FALSE | CF2: FALSE | CG2: FALSE | CH2: FALSE | CI2: FALSE | CJ2: FALSE | CK2: FALSE | CL2: FALSE | CM2: FALSE | CN2: FALSE
A3: Sumit Mishra | B3: 8088677420 | C3: sumitmishraa.business@gmail.com | D3: Bangalore | F3: FALSE | G3: FALSE | H3: FALSE | I3: FALSE | J3: FALSE | K3: FALSE | L3: FALSE | M3: FALSE | N3: FALSE | O3: FALSE | P3: FALSE | Q3: FALSE | R3: FALSE | S3: FALSE | T3: FALSE | U3: FALSE | V3: FALSE | W3: FALSE | X3: FALSE | Y3: FALSE | Z3: TRUE | AA3: FALSE | AB3: FALSE | AC3: FALSE | AD3: TRUE | AE3: FALSE | AF3: FALSE | AG3: FALSE | AH3: FALSE | AI3: FALSE | AJ3: FALSE | AK3: FALSE | AL3: FALSE | AM3: FALSE | AN3: FALSE | AO3: FALSE | AP3: FALSE | AQ3: FALSE | AR3: FALSE | AS3: FALSE | AT3: FALSE | AU3: FALSE | AV3: FALSE | AW3: FALSE | AX3: FALSE | AY3: FALSE | AZ3: FALSE | BA3: FALSE | BB3: FALSE | BC3: FALSE | BD3: TRUE | BE3: TRUE | BF3: TRUE | BG3: TRUE | BH3: TRUE | BI3: TRUE | BJ3: FALSE | BK3: TRUE | BL3: FALSE | BM3: TRUE | BN3: FALSE | BO3: TRUE | BP3: TRUE | BQ3: FALSE | BR3: FALSE | BS3: TRUE | BT3: TRUE | BU3: TRUE | BV3: TRUE | BW3: FALSE | BX3: TRUE | BY3: FALSE | BZ3: FALSE | CA3: FALSE | CB3: TRUE | CC3: TRUE | CD3: TRUE | CE3: FALSE | CF3: FALSE | CG3: FALSE | CH3: FALSE | CI3: FALSE | CJ3: FALSE | CK3: FALSE | CL3: TRUE | CM3: FALSE | CN3: TRUE
A4: Rohan Vats | B4: 7903235478 | C4: rohanvats2020@gmail.com | D4: Bangalore | F4: FALSE | G4: FALSE | H4: FALSE | I4: FALSE | J4: FALSE | K4: FALSE | L4: FALSE | M4: FALSE | N4: FALSE | O4: FALSE | P4: FALSE | Q4: FALSE | R4: FALSE | S4: FALSE | T4: FALSE | U4: FALSE | V4: FALSE | W4: FALSE | X4: FALSE | Y4: FALSE | Z4: FALSE | AA4: FALSE | AB4: FALSE | AC4: FALSE | AD4: FALSE | AE4: FALSE | AF4: FALSE | AG4: FALSE | AH4: FALSE | AI4: FALSE | AJ4: FALSE | AK4: FALSE | AL4: FALSE | AM4: FALSE | AN4: FALSE | AO4: FALSE | AP4: TRUE | AQ4: FALSE | AR4: FALSE | AS4: FALSE | AT4: FALSE | AU4: FALSE | AV4: FALSE | AW4: TRUE | AX4: FALSE | AY4: FALSE | AZ4: TRUE | BA4: TRUE | BB4: FALSE | BC4: FALSE | BD4: FALSE | BE4: FALSE | BF4: TRUE | BG4: FALSE | BH4: TRUE | BI4: TRUE | BJ4: FALSE | BK4: TRUE | BL4: FALSE | BM4: FALSE | BN4: FALSE | BO4: FALSE | BP4: FALSE | BQ4: FALSE | BR4: FALSE | BS4: FALSE | BT4: FALSE | BU4: FALSE | BV4: FALSE | BW4: FALSE | BX4: FALSE | BY4: FALSE | BZ4: TRUE | CA4: TRUE | CB4: FALSE | CC4: TRUE | CD4: TRUE | CE4: TRUE | CF4: FALSE | CG4: TRUE | CH4: TRUE | CI4: TRUE | CJ4: FALSE | CK4: FALSE | CL4: TRUE | CM4: FALSE | CN4: FALSE
A5: Furqan | B5: 99163 46376 | C5: furquanmohammedadhoni@gmail.com | D5: Bangalore | F5: FALSE | G5: FALSE | H5: FALSE | I5: FALSE | J5: FALSE | K5: FALSE | L5: FALSE | M5: FALSE | N5: FALSE | O5: TRUE | P5: TRUE | Q5: TRUE | R5: TRUE | S5: TRUE | T5: TRUE | U5: FALSE | V5: FALSE | W5: FALSE | X5: TRUE | Y5: TRUE | Z5: TRUE | AA5: TRUE | AB5: FALSE | AC5: FALSE | AD5: TRUE | AE5: FALSE | AF5: FALSE | AG5: FALSE | AH5: FALSE | AI5: FALSE | AJ5: FALSE | AK5: FALSE | AL5: FALSE | AM5: FALSE | AN5: TRUE | AO5: TRUE | AP5: TRUE | AQ5: TRUE | AR5: TRUE | AS5: TRUE | AT5: FALSE | AU5: FALSE | AV5: TRUE | AW5: TRUE | AX5: TRUE | AY5: TRUE | AZ5: FALSE | BA5: TRUE | BB5: TRUE | BC5: FALSE | BD5: FALSE | BE5: TRUE | BF5: TRUE | BG5: TRUE | BH5: TRUE | BI5: TRUE | BJ5: TRUE | BK5: TRUE | BL5: TRUE | BM5: TRUE | BN5: FALSE | BO5: TRUE | BP5: FALSE | BQ5: FALSE | BR5: FALSE | BS5: TRUE | BT5: FALSE | BU5: TRUE | BV5: TRUE | BW5: TRUE | BX5: TRUE | BY5: FALSE | BZ5: TRUE | CA5: FALSE | CB5: FALSE | CC5: TRUE | CD5: TRUE | CE5: FALSE | CF5: TRUE | CG5: TRUE | CH5: TRUE | CI5: TRUE | CJ5: FALSE | CK5: FALSE | CL5: TRUE | CM5: FALSE | CN5: TRUE
A6: Chayan Sharma | B6: 9179931427 | C6: sharmachayan436@gmail.com | D6: Indore | E6: Laxmi Nishad | F6: TRUE | G6: FALSE | H6: TRUE | I6: FALSE | J6: FALSE | K6: FALSE | L6: TRUE | M6: TRUE | N6: FALSE | O6: FALSE | P6: FALSE | Q6: FALSE | R6: FALSE | S6: FALSE | T6: FALSE | U6: FALSE | V6: FALSE | W6: FALSE | X6: FALSE | Y6: FALSE | Z6: FALSE | AA6: FALSE | AB6: FALSE | AC6: FALSE | AD6: FALSE | AE6: FALSE | AF6: FALSE | AG6: FALSE | AH6: FALSE | AI6: FALSE | AJ6: FALSE | AK6: TRUE | AL6: TRUE | AM6: FALSE | AN6: TRUE | AO6: FALSE | AP6: TRUE | AQ6: TRUE | AR6: FALSE | AS6: TRUE | AT6: TRUE | AU6: TRUE | AV6: TRUE | AW6: TRUE | AX6: TRUE | AY6: TRUE | AZ6: TRUE | BA6: TRUE | BB6: TRUE | BC6: TRUE | BD6: TRUE | BE6: TRUE | BF6: TRUE | BG6: TRUE | BH6: FALSE | BI6: FALSE | BJ6: FALSE | BK6: FALSE | BL6: TRUE | BM6: FALSE | BN6: FALSE | BO6: FALSE | BP6: TRUE | BQ6: TRUE | BR6: FALSE | BS6: FALSE | BT6: FALSE | BU6: TRUE | BV6: FALSE | BW6: TRUE | BX6: FALSE | BY6: FALSE | BZ6: FALSE | CA6: FALSE | CB6: FALSE | CC6: TRUE | CD6: TRUE | CE6: TRUE | CF6: TRUE | CG6: FALSE | CH6: FALSE | CI6: TRUE | CJ6: FALSE | CK6: FALSE | CL6: TRUE | CM6: FALSE | CN6: TRUE
A7: Saddam Hussain | B7: 6204193694 | C7: saddamjawed1914@gmail.com | D7: Indore | F7: FALSE | G7: FALSE | H7: FALSE | I7: FALSE | J7: FALSE | K7: FALSE | L7: FALSE | M7: FALSE | N7: FALSE | O7: FALSE | P7: FALSE | Q7: FALSE | R7: FALSE | S7: FALSE | T7: FALSE | U7: FALSE | V7: FALSE | W7: FALSE | X7: FALSE | Y7: FALSE | Z7: FALSE | AA7: FALSE | AB7: FALSE | AC7: FALSE | AD7: FALSE | AE7: FALSE | AF7: FALSE | AG7: FALSE | AH7: FALSE | AI7: FALSE | AJ7: FALSE | AK7: TRUE | AL7: FALSE | AM7: FALSE | AN7: FALSE | AO7: FALSE | AP7: FALSE | AQ7: TRUE | AR7: TRUE | AS7: TRUE | AT7: TRUE | AU7: TRUE | AV7: TRUE | AW7: TRUE | AX7: TRUE | AY7: TRUE | AZ7: TRUE | BA7: TRUE | BB7: FALSE | BC7: FALSE | BD7: FALSE | BE7: TRUE | BF7: TRUE | BG7: TRUE | BH7: FALSE | BI7: TRUE | BJ7: TRUE | BK7: TRUE | BL7: TRUE | BM7: FALSE | BN7: FALSE | BO7: TRUE | BP7: TRUE | BQ7: TRUE | BR7: FALSE | BS7: FALSE | BT7: FALSE | BU7: TRUE | BV7: TRUE | BW7: TRUE | BX7: TRUE | BY7: FALSE | BZ7: FALSE | CA7: FALSE | CB7: TRUE | CC7: FALSE | CD7: TRUE | CE7: TRUE | CF7: FALSE | CG7: FALSE | CH7: TRUE | CI7: TRUE | CJ7: TRUE | CK7: TRUE | CL7: TRUE | CM7: FALSE | CN7: TRUE
A8: tanishq parmar | B8: 6266684176 | C8: N.A. | D8: Indore | F8: FALSE | G8: FALSE | H8: FALSE | I8: FALSE | J8: FALSE | K8: FALSE | L8: FALSE | M8: FALSE | N8: FALSE | O8: FALSE | P8: FALSE | Q8: FALSE | R8: FALSE | S8: FALSE | T8: FALSE | U8: FALSE | V8: FALSE | W8: FALSE | X8: FALSE | Y8: FALSE | Z8: FALSE | AA8: FALSE | AB8: FALSE | AC8: FALSE | AD8: FALSE | AE8: FALSE | AF8: FALSE | AG8: FALSE | AH8: FALSE | AI8: FALSE | AJ8: FALSE | AK8: FALSE | AL8: FALSE | AM8: FALSE | AN8: FALSE | AO8: FALSE | AP8: FALSE | AQ8: FALSE | AR8: FALSE | AS8: FALSE | AT8: FALSE | AU8: FALSE | AV8: FALSE | AW8: FALSE | AX8: FALSE | AY8: FALSE | AZ8: FALSE | BA8: FALSE | BB8: FALSE | BC8: FALSE | BD8: FALSE | BE8: FALSE | BF8: FALSE | BG8: FALSE | BH8: FALSE | BI8: TRUE | BJ8: FALSE | BK8: FALSE | BL8: FALSE | BM8: FALSE | BN8: TRUE | BO8: FALSE | BP8: FALSE | BQ8: FALSE | BR8: FALSE | BS8: FALSE | BT8: FALSE | BU8: FALSE | BV8: FALSE | BW8: TRUE | BX8: FALSE | BY8: TRUE | BZ8: FALSE | CA8: TRUE | CB8: FALSE | CC8: FALSE | CD8: FALSE | CE8: FALSE | CF8: FALSE | CG8: FALSE | CH8: TRUE | CI8: FALSE | CJ8: FALSE | CK8: FALSE | CL8: TRUE | CM8: TRUE | CN8: TRUE
A9: Rishabh Jhade | B9: 6267414545 | C9: rishabhjhade060@gmail.com | D9: Indore | F9: TRUE | G9: TRUE | H9: TRUE | I9: TRUE | J9: TRUE | K9: TRUE | L9: TRUE | M9: TRUE | N9: TRUE | O9: TRUE | P9: TRUE | Q9: FALSE | R9: TRUE | S9: TRUE | T9: TRUE | U9: TRUE | V9: TRUE | W9: TRUE | X9: TRUE | Y9: TRUE | Z9: TRUE | AA9: TRUE | AB9: TRUE | AC9: TRUE | AD9: TRUE | AE9: TRUE | AF9: TRUE | AG9: TRUE | AH9: TRUE | AI9: TRUE | AJ9: TRUE | AK9: TRUE | AL9: TRUE | AM9: TRUE | AN9: TRUE | AO9: TRUE | AP9: TRUE | AQ9: TRUE | AR9: TRUE | AS9: TRUE | AT9: TRUE | AU9: TRUE | AV9: TRUE | AW9: TRUE | AX9: TRUE | AY9: TRUE | AZ9: TRUE | BA9: TRUE | BB9: FALSE | BC9: TRUE | BD9: TRUE | BE9: TRUE | BF9: TRUE | BG9: TRUE | BH9: FALSE | BI9: FALSE | BJ9: FALSE | BK9: FALSE | BL9: TRUE | BM9: FALSE | BN9: TRUE | BO9: TRUE | BP9: TRUE | BQ9: TRUE | BR9: TRUE | BS9: FALSE | BT9: FALSE | BU9: TRUE | BV9: TRUE | BW9: TRUE | BX9: TRUE | BY9: TRUE | BZ9: TRUE | CA9: TRUE | CB9: TRUE | CC9: FALSE | CD9: FALSE | CE9: TRUE | CF9: TRUE | CG9: FALSE | CH9: TRUE | CI9: TRUE | CJ9: TRUE | CK9: TRUE | CL9: TRUE | CM9: TRUE | CN9: TRUE
A10: Chanchal Dhakad | B10: 9981422256 | C10: chanchaldhakad37@gmail.com | D10: Indore | F10: TRUE | G10: TRUE | H10: TRUE | I10: TRUE | J10: TRUE | K10: TRUE | L10: TRUE | M10: TRUE | N10: TRUE | O10: TRUE | P10: TRUE | Q10: TRUE | R10: TRUE | S10: TRUE | T10: TRUE | U10: TRUE | V10: TRUE | W10: TRUE | X10: TRUE | Y10: TRUE | Z10: TRUE | AA10: TRUE | AB10: TRUE | AC10: TRUE | AD10: TRUE | AE10: TRUE | AF10: TRUE | AG10: TRUE | AH10: TRUE | AI10: TRUE | AJ10: TRUE | AK10: TRUE | AL10: TRUE | AM10: TRUE | AN10: TRUE | AO10: TRUE | AP10: TRUE | AQ10: TRUE | AR10: TRUE | AS10: TRUE | AT10: TRUE | AU10: TRUE | AV10: TRUE | AW10: TRUE | AX10: TRUE | AY10: TRUE | AZ10: TRUE | BA10: TRUE | BB10: TRUE | BC10: TRUE | BD10: TRUE | BE10: TRUE | BF10: TRUE | BG10: TRUE | BH10: TRUE | BI10: TRUE | BJ10: TRUE | BK10: TRUE | BL10: TRUE | BM10: TRUE | BN10: TRUE | BO10: TRUE | BP10: TRUE | BQ10: TRUE | BR10: TRUE | BS10: TRUE | BT10: TRUE | BU10: TRUE | BV10: TRUE | BW10: TRUE | BX10: TRUE | BY10: TRUE | BZ10: TRUE | CA10: TRUE | CB10: TRUE | CC10: FALSE | CD10: FALSE | CE10: FALSE | CF10: FALSE | CG10: FALSE | CH10: FALSE | CI10: FALSE | CJ10: FALSE | CK10: FALSE | CL10: TRUE | CM10: TRUE | CN10: TRUE
A11: Akash rajak | B11: 6265896234 | C11: akashrajak2457@gmail.com | D11: Indore | F11: TRUE | G11: TRUE | H11: TRUE | I11: TRUE | J11: TRUE | K11: TRUE | L11: TRUE | M11: TRUE | N11: TRUE | O11: TRUE | P11: TRUE | Q11: TRUE | R11: TRUE | S11: TRUE | T11: TRUE | U11: TRUE | V11: TRUE | W11: TRUE | X11: TRUE | Y11: TRUE | Z11: TRUE | AA11: TRUE | AB11: TRUE | AC11: TRUE | AD11: TRUE | AE11: TRUE | AF11: TRUE | AG11: TRUE | AH11: TRUE | AI11: TRUE | AJ11: TRUE | AK11: TRUE | AL11: TRUE | AM11: TRUE | AN11: TRUE | AO11: TRUE | AP11: TRUE | AQ11: TRUE | AR11: TRUE | AS11: TRUE | AT11: TRUE | AU11: TRUE | AV11: TRUE | AW11: TRUE | AX11: TRUE | AY11: TRUE | AZ11: TRUE | BA11: TRUE | BB11: TRUE | BC11: TRUE | BD11: TRUE | BE11: TRUE | BF11: TRUE | BG11: TRUE | BH11: TRUE | BI11: TRUE | BJ11: TRUE | BK11: FALSE | BL11: TRUE | BM11: FALSE | BN11: TRUE | BO11: TRUE | BP11: TRUE | BQ11: TRUE | BR11: TRUE | BS11: TRUE | BT11: TRUE | BU11: TRUE | BV11: TRUE | BW11: TRUE | BX11: TRUE | BY11: TRUE | BZ11: TRUE | CA11: TRUE | CB11: TRUE | CC11: FALSE | CD11: FALSE | CE11: TRUE | CF11: TRUE | CG11: FALSE | CH11: FALSE | CI11: TRUE | CJ11: TRUE | CK11: TRUE | CL11: TRUE | CM11: TRUE | CN11: TRUE
A12: Aditya Gupta | B12: 7985079154 | C12: Guptaadityaa009@gmail.com | D12: Indore | F12: FALSE | G12: FALSE | H12: FALSE | I12: FALSE | J12: FALSE | K12: FALSE | L12: FALSE | M12: FALSE | N12: FALSE | O12: FALSE | P12: FALSE | Q12: FALSE | R12: FALSE | S12: FALSE | T12: FALSE | U12: FALSE | V12: FALSE | W12: FALSE | X12: FALSE | Y12: FALSE | Z12: FALSE | AA12: TRUE | AB12: TRUE | AC12: TRUE | AD12: TRUE | AE12: TRUE | AF12: TRUE | AG12: TRUE | AH12: FALSE | AI12: TRUE | AJ12: TRUE | AK12: TRUE | AL12: TRUE | AM12: FALSE | AN12: FALSE | AO12: FALSE | AP12: FALSE | AQ12: TRUE | AR12: TRUE | AS12: FALSE | AT12: TRUE | AU12: TRUE | AV12: TRUE | AW12: TRUE | AX12: TRUE | AY12: TRUE | AZ12: FALSE | BA12: TRUE | BB12: TRUE | BC12: TRUE | BD12: TRUE | BE12: TRUE | BF12: FALSE | BG12: FALSE | BH12: FALSE | BI12: TRUE | BJ12: TRUE | BK12: FALSE | BL12: TRUE | BM12: TRUE | BN12: FALSE | BO12: TRUE | BP12: FALSE | BQ12: FALSE | BR12: TRUE | BS12: TRUE | BT12: TRUE | BU12: FALSE | BV12: FALSE | BW12: TRUE | BX12: TRUE | BY12: TRUE | BZ12: TRUE | CA12: TRUE | CB12: TRUE | CC12: TRUE | CD12: TRUE | CE12: TRUE | CF12: FALSE | CG12: FALSE | CH12: FALSE | CI12: FALSE | CJ12: FALSE | CK12: TRUE | CL12: FALSE | CM12: TRUE | CN12: TRUE
A13: Somesh | B13: 7389958192 | C13: N.A. | D13: Indore | F13: FALSE | G13: FALSE | H13: FALSE | I13: FALSE | J13: FALSE | K13: FALSE | L13: FALSE | M13: FALSE | N13: FALSE | O13: FALSE | P13: FALSE | Q13: FALSE | R13: FALSE | S13: FALSE | T13: FALSE | U13: FALSE | V13: FALSE | W13: FALSE | X13: FALSE | Y13: FALSE | Z13: FALSE | AA13: FALSE | AB13: FALSE | AC13: FALSE | AD13: FALSE | AE13: FALSE | AF13: FALSE | AG13: FALSE | AH13: FALSE | AI13: FALSE | AJ13: FALSE | AK13: FALSE | AL13: FALSE | AM13: FALSE | AN13: FALSE | AO13: FALSE | AP13: FALSE | AQ13: FALSE | AR13: FALSE | AS13: FALSE | AT13: FALSE | AU13: FALSE | AV13: FALSE | AW13: FALSE | AX13: FALSE | AY13: FALSE | AZ13: FALSE | BA13: FALSE | BB13: TRUE | BC13: TRUE | BD13: TRUE | BE13: FALSE | BF13: FALSE | BG13: FALSE | BH13: FALSE | BI13: TRUE | BJ13: TRUE | BK13: FALSE | BL13: TRUE | BM13: TRUE | BN13: TRUE | BO13: TRUE | BP13: TRUE | BQ13: TRUE | BR13: TRUE | BS13: TRUE | BT13: TRUE | BU13: TRUE | BV13: TRUE | BW13: TRUE | BX13: FALSE | BY13: FALSE | BZ13: FALSE | CA13: FALSE | CB13: FALSE | CC13: TRUE | CD13: TRUE | CE13: FALSE | CF13: TRUE | CG13: FALSE | CH13: FALSE | CI13: TRUE | CJ13: FALSE | CK13: FALSE | CL13: FALSE | CM13: FALSE | CN13: FALSE
A14: Shivam | B14: 8349256158 | C14: shivamnamdeoofficial@gmail.com | D14: Indore | F14: TRUE | G14: TRUE | H14: TRUE | I14: TRUE | J14: TRUE | K14: TRUE | L14: TRUE | M14: TRUE | N14: TRUE | O14: TRUE | P14: TRUE | Q14: TRUE | R14: TRUE | S14: TRUE | T14: TRUE | U14: TRUE | V14: TRUE | W14: TRUE | X14: TRUE | Y14: TRUE | Z14: TRUE | AA14: TRUE | AB14: TRUE | AC14: TRUE | AD14: TRUE | AE14: TRUE | AF14: TRUE | AG14: TRUE | AH14: TRUE | AI14: TRUE | AJ14: TRUE | AK14: TRUE | AL14: TRUE | AM14: FALSE | AN14: FALSE | AO14: FALSE | AP14: TRUE | AQ14: TRUE | AR14: TRUE | AS14: TRUE | AT14: TRUE | AU14: TRUE | AV14: TRUE | AW14: TRUE | AX14: TRUE | AY14: TRUE | AZ14: TRUE | BA14: TRUE | BB14: TRUE | BC14: TRUE | BD14: TRUE | BE14: TRUE | BF14: TRUE | BG14: TRUE | BH14: TRUE | BI14: TRUE | BJ14: TRUE | BK14: TRUE | BL14: TRUE | BM14: TRUE | BN14: TRUE | BO14: TRUE | BP14: TRUE | BQ14: TRUE | BR14: FALSE | BS14: FALSE | BT14: FALSE | BU14: TRUE | BV14: FALSE | BW14: FALSE | BX14: FALSE | BY14: TRUE | BZ14: TRUE | CA14: TRUE | CB14: FALSE | CC14: FALSE | CD14: FALSE | CE14: TRUE | CF14: TRUE | CG14: FALSE | CH14: TRUE | CI14: TRUE | CJ14: TRUE | CK14: TRUE | CL14: TRUE | CM14: TRUE | CN14: TRUE
A15: Pankaj kumar Sahu | B15: 6263760047 | C15: ps616283goal1@gmail.com | D15: Indore | F15: TRUE | G15: TRUE | H15: TRUE | I15: TRUE | J15: TRUE | K15: TRUE | L15: TRUE | M15: TRUE | N15: TRUE | O15: TRUE | P15: TRUE | Q15: TRUE | R15: TRUE | S15: TRUE | T15: TRUE | U15: TRUE | V15: TRUE | W15: TRUE | X15: TRUE | Y15: TRUE | Z15: TRUE | AA15: TRUE | AB15: TRUE | AC15: TRUE | AD15: TRUE | AE15: TRUE | AF15: TRUE | AG15: TRUE | AH15: TRUE | AI15: TRUE | AJ15: TRUE | AK15: TRUE | AL15: TRUE | AM15: FALSE | AN15: FALSE | AO15: FALSE | AP15: TRUE | AQ15: TRUE | AR15: TRUE | AS15: TRUE | AT15: TRUE | AU15: TRUE | AV15: TRUE | AW15: TRUE | AX15: TRUE | AY15: TRUE | AZ15: TRUE | BA15: TRUE | BB15: TRUE | BC15: TRUE | BD15: TRUE | BE15: TRUE | BF15: TRUE | BG15: TRUE | BH15: FALSE | BI15: TRUE | BJ15: TRUE | BK15: TRUE | BL15: FALSE | BM15: TRUE | BN15: FALSE | BO15: TRUE | BP15: TRUE | BQ15: TRUE | BR15: TRUE | BS15: TRUE | BT15: TRUE | BU15: TRUE | BV15: TRUE | BW15: TRUE | BX15: TRUE | BY15: TRUE | BZ15: TRUE | CA15: TRUE | CB15: TRUE | CC15: FALSE | CD15: FALSE | CE15: TRUE | CF15: TRUE | CG15: FALSE | CH15: TRUE | CI15: TRUE | CJ15: TRUE | CK15: TRUE | CL15: TRUE | CM15: TRUE | CN15: TRUE
A16: Prabhat Sharma | B16: 9691523420 | C16: createyourownyr@gmail.com | D16: Indore | F16: FALSE | G16: FALSE | H16: FALSE | I16: FALSE | J16: FALSE | K16: FALSE | L16: FALSE | M16: FALSE | N16: FALSE | O16: FALSE | P16: FALSE | Q16: FALSE | R16: FALSE | S16: FALSE | T16: FALSE | U16: FALSE | V16: FALSE | W16: FALSE | X16: FALSE | Y16: FALSE | Z16: FALSE | AA16: FALSE | AB16: FALSE | AC16: FALSE | AD16: FALSE | AE16: FALSE | AF16: FALSE | AG16: FALSE | AH16: FALSE | AI16: FALSE | AJ16: FALSE | AK16: TRUE | AL16: TRUE | AM16: FALSE | AN16: TRUE | AO16: FALSE | AP16: TRUE | AQ16: TRUE | AR16: FALSE | AS16: TRUE | AT16: TRUE | AU16: TRUE | AV16: FALSE | AW16: FALSE | AX16: FALSE | AY16: FALSE | AZ16: TRUE | BA16: TRUE | BB16: TRUE | BC16: TRUE | BD16: TRUE | BE16: TRUE | BF16: TRUE | BG16: TRUE | BH16: FALSE | BI16: FALSE | BJ16: FALSE | BK16: FALSE | BL16: FALSE | BM16: FALSE | BN16: FALSE | BO16: FALSE | BP16: TRUE | BQ16: TRUE | BR16: FALSE | BS16: FALSE | BT16: FALSE | BU16: FALSE | BV16: FALSE | BW16: FALSE | BX16: FALSE | BY16: TRUE | BZ16: FALSE | CA16: FALSE | CB16: TRUE | CC16: TRUE | CD16: TRUE | CE16: TRUE | CF16: TRUE | CG16: FALSE | CH16: FALSE | CI16: TRUE | CJ16: FALSE | CK16: FALSE | CL16: TRUE | CM16: FALSE | CN16: TRUE
A17: Vandana Patidar | B17: 6261000435 | C17: vvandanapatidar992@gmail.com | D17: Indore | F17: TRUE | G17: TRUE | H17: TRUE | I17: TRUE | J17: TRUE | K17: TRUE | L17: TRUE | M17: TRUE | N17: TRUE | O17: TRUE | P17: TRUE | Q17: TRUE | R17: TRUE | S17: TRUE | T17: TRUE | U17: TRUE | V17: TRUE | W17: TRUE | X17: TRUE | Y17: TRUE | Z17: TRUE | AA17: TRUE | AB17: TRUE | AC17: TRUE | AD17: TRUE | AE17: TRUE | AF17: TRUE | AG17: TRUE | AH17: TRUE | AI17: TRUE | AJ17: TRUE | AK17: TRUE | AL17: TRUE | AM17: TRUE | AN17: TRUE | AO17: TRUE | AP17: TRUE | AQ17: TRUE | AR17: TRUE | AS17: TRUE | AT17: TRUE | AU17: TRUE | AV17: TRUE | AW17: TRUE | AX17: TRUE | AY17: TRUE | AZ17: FALSE | BA17: TRUE | BB17: TRUE | BC17: TRUE | BD17: TRUE | BE17: TRUE | BF17: TRUE | BG17: TRUE | BH17: TRUE | BI17: FALSE | BJ17: TRUE | BK17: TRUE | BL17: TRUE | BM17: TRUE | BN17: TRUE | BO17: TRUE | BP17: TRUE | BQ17: TRUE | BR17: TRUE | BS17: TRUE | BT17: TRUE | BU17: TRUE | BV17: TRUE | BW17: TRUE | BX17: TRUE | BY17: TRUE | BZ17: TRUE | CA17: FALSE | CB17: FALSE | CC17: FALSE | CD17: FALSE | CE17: FALSE | CF17: FALSE | CG17: FALSE | CH17: FALSE | CI17: FALSE | CJ17: FALSE | CK17: FALSE | CL17: FALSE | CM17: FALSE | CN17: FALSE
A18: Hassan Abbasi | B18: 9648035947 | C18: abbasih84@gmail.com | D18: Lucknow | E18: Vaibhav Tripathi | F18: FALSE | G18: FALSE | H18: FALSE | I18: FALSE | J18: FALSE | K18: FALSE | L18: FALSE | M18: FALSE | N18: FALSE | O18: FALSE | P18: FALSE | Q18: FALSE | R18: FALSE | S18: FALSE | T18: FALSE | U18: FALSE | V18: FALSE | W18: FALSE | X18: FALSE | Y18: FALSE | Z18: FALSE | AA18: FALSE | AB18: FALSE | AC18: FALSE | AD18: FALSE | AE18: FALSE | AF18: FALSE | AG18: FALSE | AH18: TRUE | AI18: TRUE | AJ18: TRUE | AK18: TRUE | AL18: TRUE | AM18: FALSE | AN18: FALSE | AO18: FALSE | AP18: TRUE | AQ18: TRUE | AR18: TRUE | AS18: TRUE | AT18: TRUE | AU18: TRUE | AV18: TRUE | AW18: TRUE | AX18: TRUE | AY18: FALSE | AZ18: TRUE | BA18: TRUE | BB18: TRUE | BC18: TRUE | BD18: TRUE | BE18: TRUE | BF18: TRUE | BG18: TRUE | BH18: TRUE | BI18: TRUE | BJ18: TRUE | BK18: TRUE | BL18: TRUE | BM18: TRUE | BN18: TRUE | BO18: TRUE | BP18: TRUE | BQ18: TRUE | BR18: TRUE | BS18: TRUE | BT18: TRUE | BU18: TRUE | BV18: TRUE | BW18: TRUE | BX18: TRUE | BY18: TRUE | BZ18: TRUE | CA18: TRUE | CB18: TRUE | CC18: TRUE | CD18: TRUE | CE18: TRUE | CF18: TRUE | CG18: TRUE | CH18: TRUE | CI18: FALSE | CJ18: FALSE | CK18: FALSE | CL18: FALSE | CM18: FALSE | CN18: FALSE
A19: Jaish Ahmad | B19: 7607448167 | C19: jaishahmad2@gmail.com | D19: Lucknow | F19: FALSE | G19: FALSE | H19: FALSE | I19: TRUE | J19: TRUE | K19: TRUE | L19: FALSE | M19: TRUE | N19: FALSE | O19: FALSE | P19: FALSE | Q19: TRUE | R19: TRUE | S19: TRUE | T19: TRUE | U19: TRUE | V19: FALSE | W19: FALSE | X19: FALSE | Y19: TRUE | Z19: TRUE | AA19: FALSE | AB19: FALSE | AC19: FALSE | AD19: FALSE | AE19: FALSE | AF19: FALSE | AG19: TRUE | AH19: TRUE | AI19: FALSE | AJ19: FALSE | AK19: TRUE | AL19: TRUE | AM19: FALSE | AN19: FALSE | AO19: TRUE | AP19: TRUE | AQ19: TRUE | AR19: TRUE | AS19: FALSE | AT19: FALSE | AU19: TRUE | AV19: TRUE | AW19: TRUE | AX19: TRUE | AY19: TRUE | AZ19: TRUE | BA19: TRUE | BB19: TRUE | BC19: TRUE | BD19: TRUE | BE19: TRUE | BF19: TRUE | BG19: TRUE | BH19: TRUE | BI19: TRUE | BJ19: TRUE | BK19: TRUE | BL19: TRUE | BM19: TRUE | BN19: TRUE | BO19: TRUE | BP19: TRUE | BQ19: TRUE | BR19: TRUE | BS19: TRUE | BT19: TRUE | BU19: TRUE | BV19: FALSE | BW19: TRUE | BX19: TRUE | BY19: TRUE | BZ19: TRUE | CA19: TRUE | CB19: TRUE | CC19: TRUE | CD19: TRUE | CE19: FALSE | CF19: FALSE | CG19: FALSE | CH19: TRUE | CI19: FALSE | CJ19: TRUE | CK19: TRUE | CL19: TRUE | CM19: TRUE | CN19: TRUE
A20: Asba Mahfooz | B20: 9369452523 | C20: asbamahfooz12@gmail.com | D20: Lucknow | F20: FALSE | G20: FALSE | H20: FALSE | I20: FALSE | J20: TRUE | K20: FALSE | L20: FALSE | M20: TRUE | N20: FALSE | O20: FALSE | P20: FALSE | Q20: TRUE | R20: TRUE | S20: TRUE | T20: TRUE | U20: TRUE | V20: FALSE | W20: TRUE | X20: TRUE | Y20: FALSE | Z20: TRUE | AA20: FALSE | AB20: FALSE | AC20: FALSE | AD20: FALSE | AE20: FALSE | AF20: FALSE | AG20: TRUE | AH20: TRUE | AI20: FALSE | AJ20: FALSE | AK20: TRUE | AL20: TRUE | AM20: FALSE | AN20: FALSE | AO20: TRUE | AP20: TRUE | AQ20: TRUE | AR20: TRUE | AS20: FALSE | AT20: FALSE | AU20: TRUE | AV20: TRUE | AW20: TRUE | AX20: TRUE | AY20: TRUE | AZ20: TRUE | BA20: TRUE | BB20: TRUE | BC20: TRUE | BD20: TRUE | BE20: TRUE | BF20: TRUE | BG20: TRUE | BH20: TRUE | BI20: TRUE | BJ20: TRUE | BK20: TRUE | BL20: TRUE | BM20: TRUE | BN20: TRUE | BO20: TRUE | BP20: TRUE | BQ20: TRUE | BR20: FALSE | BS20: TRUE | BT20: FALSE | BU20: TRUE | BV20: FALSE | BW20: TRUE | BX20: TRUE | BY20: FALSE | BZ20: FALSE | CA20: FALSE | CB20: TRUE | CC20: TRUE | CD20: TRUE | CE20: FALSE | CF20: FALSE | CG20: FALSE | CH20: TRUE | CI20: FALSE | CJ20: TRUE | CK20: TRUE | CL20: TRUE | CM20: TRUE | CN20: TRUE
A21: Gopal Rai | B21: 8418989905 | C21: gopalrai841898@gmail.com | D21: Lucknow | F21: FALSE | G21: FALSE | H21: TRUE | I21: TRUE | J21: TRUE | K21: FALSE | L21: TRUE | M21: TRUE | N21: TRUE | O21: TRUE | P21: TRUE | Q21: TRUE | R21: TRUE | S21: TRUE | T21: TRUE | U21: TRUE | V21: FALSE | W21: TRUE | X21: TRUE | Y21: FALSE | Z21: TRUE | AA21: TRUE | AB21: TRUE | AC21: TRUE | AD21: TRUE | AE21: TRUE | AF21: TRUE | AG21: TRUE | AH21: TRUE | AI21: TRUE | AJ21: TRUE | AK21: TRUE | AL21: TRUE | AM21: TRUE | AN21: FALSE | AO21: TRUE | AP21: TRUE | AQ21: TRUE | AR21: TRUE | AS21: TRUE | AT21: TRUE | AU21: TRUE | AV21: TRUE | AW21: TRUE | AX21: TRUE | AY21: TRUE | AZ21: TRUE | BA21: TRUE | BB21: TRUE | BC21: TRUE | BD21: TRUE | BE21: TRUE | BF21: TRUE | BG21: TRUE | BH21: TRUE | BI21: TRUE | BJ21: TRUE | BK21: TRUE | BL21: TRUE | BM21: TRUE | BN21: TRUE | BO21: TRUE | BP21: TRUE | BQ21: TRUE | BR21: TRUE | BS21: TRUE | BT21: TRUE | BU21: TRUE | BV21: TRUE | BW21: TRUE | BX21: TRUE | BY21: TRUE | BZ21: FALSE | CA21: TRUE | CB21: TRUE | CC21: TRUE | CD21: TRUE | CE21: FALSE | CF21: TRUE | CG21: TRUE | CH21: TRUE | CI21: TRUE | CJ21: TRUE | CK21: TRUE | CL21: TRUE | CM21: TRUE | CN21: TRUE
A22: Himanshu Dubey | B22: 8318601983 | C22: hackerhimanshudubey7778@gmail.com | D22: Lucknow | F22: FALSE | G22: FALSE | H22: FALSE | I22: FALSE | J22: FALSE | K22: FALSE | L22: TRUE | M22: TRUE | N22: FALSE | O22: FALSE | P22: FALSE | Q22: TRUE | R22: TRUE | S22: TRUE | T22: TRUE | U22: TRUE | V22: TRUE | W22: TRUE | X22: TRUE | Y22: TRUE | Z22: TRUE | AA22: TRUE | AB22: TRUE | AC22: FALSE | AD22: TRUE | AE22: TRUE | AF22: TRUE | AG22: TRUE | AH22: TRUE | AI22: TRUE | AJ22: TRUE | AK22: TRUE | AL22: TRUE | AM22: TRUE | AN22: TRUE | AO22: TRUE | AP22: TRUE | AQ22: TRUE | AR22: TRUE | AS22: TRUE | AT22: TRUE | AU22: TRUE | AV22: TRUE | AW22: FALSE | AX22: TRUE | AY22: FALSE | AZ22: TRUE | BA22: TRUE | BB22: TRUE | BC22: FALSE | BD22: TRUE | BE22: TRUE | BF22: FALSE | BG22: FALSE | BH22: TRUE | BI22: TRUE | BJ22: TRUE | BK22: TRUE | BL22: TRUE | BM22: TRUE | BN22: TRUE | BO22: TRUE | BP22: TRUE | BQ22: TRUE | BR22: TRUE | BS22: TRUE | BT22: TRUE | BU22: TRUE | BV22: TRUE | BW22: TRUE | BX22: TRUE | BY22: TRUE | BZ22: TRUE | CA22: TRUE | CB22: TRUE | CC22: TRUE | CD22: TRUE | CE22: TRUE | CF22: TRUE | CG22: TRUE | CH22: TRUE | CI22: TRUE | CJ22: TRUE | CK22: TRUE | CL22: TRUE | CM22: TRUE | CN22: TRUE
A23: ALOK MAURYA | B23: 8601435211 | C23: alokmaurya1320@gmail.com | D23: Lucknow | F23: FALSE | G23: FALSE | H23: FALSE | I23: FALSE | J23: FALSE | K23: FALSE | L23: FALSE | M23: TRUE | N23: TRUE | O23: FALSE | P23: FALSE | Q23: TRUE | R23: TRUE | S23: FALSE | T23: FALSE | U23: FALSE | V23: FALSE | W23: FALSE | X23: TRUE | Y23: FALSE | Z23: FALSE | AA23: FALSE | AB23: FALSE | AC23: FALSE | AD23: FALSE | AE23: FALSE | AF23: FALSE | AG23: TRUE | AH23: FALSE | AI23: TRUE | AJ23: TRUE | AK23: TRUE | AL23: TRUE | AM23: TRUE | AN23: TRUE | AO23: TRUE | AP23: TRUE | AQ23: TRUE | AR23: TRUE | AS23: TRUE | AT23: TRUE | AU23: TRUE | AV23: FALSE | AW23: TRUE | AX23: TRUE | AY23: FALSE | AZ23: TRUE | BA23: TRUE | BB23: TRUE | BC23: TRUE | BD23: TRUE | BE23: TRUE | BF23: FALSE | BG23: TRUE | BH23: TRUE | BI23: TRUE | BJ23: TRUE | BK23: TRUE | BL23: TRUE | BM23: TRUE | BN23: TRUE | BO23: TRUE | BP23: TRUE | BQ23: TRUE | BR23: TRUE | BS23: TRUE | BT23: FALSE | BU23: TRUE | BV23: TRUE | BW23: TRUE | BX23: TRUE | BY23: TRUE | BZ23: TRUE | CA23: TRUE | CB23: TRUE | CC23: TRUE | CD23: TRUE | CE23: FALSE | CF23: FALSE | CG23: TRUE | CH23: TRUE | CI23: FALSE | CJ23: FALSE | CK23: TRUE | CL23: TRUE | CM23: TRUE | CN23: TRUE
A24: Amresh | B24: 7398432868 | C24: yadavamresh4129@gmail.com | D24: Lucknow | F24: FALSE | G24: FALSE | H24: FALSE | I24: FALSE | J24: FALSE | K24: FALSE | L24: FALSE | M24: FALSE | N24: FALSE | O24: TRUE | P24: TRUE | Q24: TRUE | R24: TRUE | S24: TRUE | T24: TRUE | U24: FALSE | V24: TRUE | W24: FALSE | X24: TRUE | Y24: FALSE | Z24: FALSE | AA24: FALSE | AB24: FALSE | AC24: FALSE | AD24: TRUE | AE24: TRUE | AF24: FALSE | AG24: TRUE | AH24: TRUE | AI24: TRUE | AJ24: TRUE | AK24: TRUE | AL24: TRUE | AM24: TRUE | AN24: TRUE | AO24: TRUE | AP24: TRUE | AQ24: TRUE | AR24: FALSE | AS24: TRUE | AT24: TRUE | AU24: TRUE | AV24: TRUE | AW24: FALSE | AX24: TRUE | AY24: FALSE | AZ24: TRUE | BA24: TRUE | BB24: TRUE | BC24: FALSE | BD24: FALSE | BE24: TRUE | BF24: FALSE | BG24: FALSE | BH24: FALSE | BI24: TRUE | BJ24: TRUE | BK24: TRUE | BL24: TRUE | BM24: TRUE | BN24: TRUE | BO24: FALSE | BP24: TRUE | BQ24: TRUE | BR24: FALSE | BS24: TRUE | BT24: TRUE | BU24: TRUE | BV24: FALSE | BW24: FALSE | BX24: TRUE | BY24: TRUE | BZ24: FALSE | CA24: TRUE | CB24: TRUE | CC24: TRUE | CD24: TRUE | CE24: FALSE | CF24: TRUE | CG24: TRUE | CH24: TRUE | CI24: TRUE | CJ24: FALSE | CK24: TRUE | CL24: TRUE | CM24: TRUE | CN24: TRUE
A25: RAUNAK PRATAP SINGH | B25: 8853336269 | C25: raunakpratap1997@gmail.com | D25: Lucknow | F25: FALSE | G25: FALSE | H25: TRUE | I25: FALSE | J25: FALSE | K25: FALSE | L25: FALSE | M25: TRUE | N25: FALSE | O25: FALSE | P25: TRUE | Q25: TRUE | R25: TRUE | S25: TRUE | T25: TRUE | U25: TRUE | V25: FALSE | W25: FALSE | X25: TRUE | Y25: FALSE | Z25: FALSE | AA25: FALSE | AB25: FALSE | AC25: TRUE | AD25: TRUE | AE25: TRUE | AF25: TRUE | AG25: TRUE | AH25: TRUE | AI25: TRUE | AJ25: TRUE | AK25: TRUE | AL25: TRUE | AM25: TRUE | AN25: TRUE | AO25: TRUE | AP25: TRUE | AQ25: FALSE | AR25: TRUE | AS25: TRUE | AT25: FALSE | AU25: TRUE | AV25: TRUE | AW25: FALSE | AX25: TRUE | AY25: FALSE | AZ25: TRUE | BA25: TRUE | BB25: TRUE | BC25: TRUE | BD25: TRUE | BE25: TRUE | BF25: TRUE | BG25: TRUE | BH25: TRUE | BI25: TRUE | BJ25: TRUE | BK25: TRUE | BL25: TRUE | BM25: TRUE | BN25: TRUE | BO25: FALSE | BP25: TRUE | BQ25: TRUE | BR25: FALSE | BS25: TRUE | BT25: TRUE | BU25: TRUE | BV25: TRUE | BW25: TRUE | BX25: TRUE | BY25: TRUE | BZ25: TRUE | CA25: TRUE | CB25: TRUE | CC25: TRUE | CD25: TRUE | CE25: FALSE | CF25: TRUE | CG25: TRUE | CH25: TRUE | CI25: TRUE | CJ25: FALSE | CK25: TRUE | CL25: TRUE | CM25: TRUE | CN25: TRUE
A26: HIMANSHU DUBEY | B26: 7706002180 | C26: himanshu.dubeyy7@gmail.com | D26: Lucknow | F26: FALSE | G26: FALSE | H26: TRUE | I26: FALSE | J26: FALSE | K26: TRUE | L26: TRUE | M26: TRUE | N26: TRUE | O26: FALSE | P26: TRUE | Q26: TRUE | R26: TRUE | S26: TRUE | T26: TRUE | U26: TRUE | V26: TRUE | W26: FALSE | X26: TRUE | Y26: FALSE | Z26: FALSE | AA26: FALSE | AB26: FALSE | AC26: TRUE | AD26: TRUE | AE26: TRUE | AF26: TRUE | AG26: TRUE | AH26: TRUE | AI26: TRUE | AJ26: TRUE | AK26: TRUE | AL26: TRUE | AM26: TRUE | AN26: TRUE | AO26: TRUE | AP26: TRUE | AQ26: FALSE | AR26: TRUE | AS26: TRUE | AT26: FALSE | AU26: TRUE | AV26: TRUE | AW26: FALSE | AX26: TRUE | AY26: TRUE | AZ26: TRUE | BA26: TRUE | BB26: TRUE | BC26: TRUE | BD26: TRUE | BE26: TRUE | BF26: TRUE | BG26: TRUE | BH26: FALSE | BI26: TRUE | BJ26: TRUE | BK26: TRUE | BL26: TRUE | BM26: TRUE | BN26: TRUE | BO26: FALSE | BP26: TRUE | BQ26: TRUE | BR26: FALSE | BS26: TRUE | BT26: TRUE | BU26: TRUE | BV26: TRUE | BW26: TRUE | BX26: TRUE | BY26: TRUE | BZ26: TRUE | CA26: FALSE | CB26: TRUE | CC26: TRUE | CD26: TRUE | CE26: TRUE | CF26: TRUE | CG26: TRUE | CH26: TRUE | CI26: TRUE | CJ26: FALSE | CK26: TRUE | CL26: TRUE | CM26: TRUE | CN26: TRUE
A27: priyansh Srivastav | B27: 9415456055 | C27: priyanshsrivastav2006@gmail.com | D27: Lucknow | F27: FALSE | G27: FALSE | H27: FALSE | I27: FALSE | J27: FALSE | K27: FALSE | L27: FALSE | M27: TRUE | N27: FALSE | O27: FALSE | P27: FALSE | Q27: FALSE | R27: FALSE | S27: FALSE | T27: TRUE | U27: FALSE | V27: TRUE | W27: FALSE | X27: TRUE | Y27: FALSE | Z27: TRUE | AA27: FALSE | AB27: FALSE | AC27: FALSE | AD27: TRUE | AE27: TRUE | AF27: FALSE | AG27: TRUE | AH27: FALSE | AI27: FALSE | AJ27: TRUE | AK27: TRUE | AL27: TRUE | AM27: FALSE | AN27: FALSE | AO27: FALSE | AP27: TRUE | AQ27: FALSE | AR27: FALSE | AS27: TRUE | AT27: FALSE | AU27: TRUE | AV27: TRUE | AW27: FALSE | AX27: TRUE | AY27: TRUE | AZ27: TRUE | BA27: TRUE | BB27: TRUE | BC27: FALSE | BD27: TRUE | BE27: TRUE | BF27: TRUE | BG27: FALSE | BH27: FALSE | BI27: TRUE | BJ27: TRUE | BK27: TRUE | BL27: TRUE | BM27: TRUE | BN27: TRUE | BO27: TRUE | BP27: TRUE | BQ27: TRUE | BR27: FALSE | BS27: TRUE | BT27: FALSE | BU27: TRUE | BV27: TRUE | BW27: TRUE | BX27: TRUE | BY27: FALSE | BZ27: FALSE | CA27: TRUE | CB27: TRUE | CC27: TRUE | CD27: TRUE | CE27: FALSE | CF27: FALSE | CG27: FALSE | CH27: TRUE | CI27: TRUE | CJ27: TRUE | CK27: TRUE | CL27: FALSE | CM27: FALSE | CN27: TRUE
A28: Anand Kumar | B28: 9372077066 | C28: ay7769006@gmail.com | D28: Lucknow | F28: FALSE | G28: FALSE | H28: FALSE | I28: FALSE | J28: FALSE | K28: FALSE | L28: FALSE | M28: FALSE | N28: FALSE | O28: FALSE | P28: FALSE | Q28: FALSE | R28: FALSE | S28: FALSE | T28: FALSE | U28: FALSE | V28: FALSE | W28: FALSE | X28: TRUE | Y28: FALSE | Z28: FALSE | AA28: FALSE | AB28: FALSE | AC28: FALSE | AD28: FALSE | AE28: FALSE | AF28: FALSE | AG28: TRUE | AH28: FALSE | AI28: FALSE | AJ28: TRUE | AK28: TRUE | AL28: TRUE | AM28: FALSE | AN28: FALSE | AO28: FALSE | AP28: TRUE | AQ28: FALSE | AR28: FALSE | AS28: FALSE | AT28: FALSE | AU28: FALSE | AV28: FALSE | AW28: FALSE | AX28: TRUE | AY28: TRUE | AZ28: TRUE | BA28: TRUE | BB28: TRUE | BC28: FALSE | BD28: TRUE | BE28: FALSE | BF28: FALSE | BG28: FALSE | BH28: FALSE | BI28: TRUE | BJ28: TRUE | BK28: TRUE | BL28: TRUE | BM28: TRUE | BN28: TRUE | BO28: FALSE | BP28: TRUE | BQ28: TRUE | BR28: FALSE | BS28: TRUE | BT28: TRUE | BU28: TRUE | BV28: FALSE | BW28: FALSE | BX28: TRUE | BY28: TRUE | BZ28: TRUE | CA28: FALSE | CB28: FALSE | CC28: TRUE | CD28: TRUE | CE28: FALSE | CF28: TRUE | CG28: FALSE | CH28: TRUE | CI28: TRUE | CJ28: FALSE | CK28: TRUE | CL28: TRUE | CM28: TRUE | CN28: TRUE
A29: Abhishek yadav | B29: 8299083126 | C29: abhisheky0718@gmail.com | D29: Lucknow | F29: FALSE | G29: FALSE | H29: TRUE | I29: FALSE | J29: TRUE | K29: FALSE | L29: FALSE | M29: TRUE | N29: TRUE | O29: FALSE | P29: TRUE | Q29: TRUE | R29: TRUE | S29: TRUE | T29: TRUE | U29: TRUE | V29: TRUE | W29: FALSE | X29: FALSE | Y29: FALSE | Z29: TRUE | AA29: FALSE | AB29: FALSE | AC29: FALSE | AD29: FALSE | AE29: FALSE | AF29: TRUE | AG29: TRUE | AH29: FALSE | AI29: FALSE | AJ29: FALSE | AK29: TRUE | AL29: TRUE | AM29: TRUE | AN29: FALSE | AO29: TRUE | AP29: TRUE | AQ29: TRUE | AR29: TRUE | AS29: TRUE | AT29: TRUE | AU29: TRUE | AV29: TRUE | AW29: TRUE | AX29: TRUE | AY29: TRUE | AZ29: TRUE | BA29: TRUE | BB29: TRUE | BC29: TRUE | BD29: TRUE | BE29: TRUE | BF29: TRUE | BG29: FALSE | BH29: FALSE | BI29: TRUE | BJ29: TRUE | BK29: TRUE | BL29: TRUE | BM29: TRUE | BN29: TRUE | BO29: TRUE | BP29: TRUE | BQ29: TRUE | BR29: FALSE | BS29: TRUE | BT29: TRUE | BU29: TRUE | BV29: FALSE | BW29: TRUE | BX29: TRUE | BY29: TRUE | BZ29: TRUE | CA29: FALSE | CB29: TRUE | CC29: TRUE | CD29: TRUE | CE29: TRUE | CF29: FALSE | CG29: TRUE | CH29: TRUE | CI29: TRUE | CJ29: TRUE | CK29: TRUE | CL29: TRUE | CM29: TRUE | CN29: TRUE
A30: Anubhav Tiwari | B30: 6306713085 | C30: NA | D30: Lucknow | F30: FALSE | G30: FALSE | H30: TRUE | I30: TRUE | J30: TRUE | K30: TRUE | L30: TRUE | M30: TRUE | N30: TRUE | O30: TRUE | P30: TRUE | Q30: TRUE | R30: TRUE | S30: TRUE | T30: TRUE | U30: TRUE | V30: TRUE | W30: TRUE | X30: TRUE | Y30: TRUE | Z30: TRUE | AA30: FALSE | AB30: TRUE | AC30: TRUE | AD30: TRUE | AE30: TRUE | AF30: TRUE | AG30: TRUE | AH30: TRUE | AI30: TRUE | AJ30: TRUE | AK30: TRUE | AL30: TRUE | AM30: TRUE | AN30: TRUE | AO30: FALSE | AP30: TRUE | AQ30: FALSE | AR30: TRUE | AS30: FALSE | AT30: FALSE | AU30: FALSE | AV30: FALSE | AW30: TRUE | AX30: TRUE | AY30: FALSE | AZ30: TRUE | BA30: TRUE | BB30: TRUE | BC30: FALSE | BD30: FALSE | BE30: FALSE | BF30: FALSE | BG30: TRUE | BH30: FALSE | BI30: TRUE | BJ30: TRUE | BK30: TRUE | BL30: TRUE | BM30: TRUE | BN30: TRUE | BO30: FALSE | BP30: TRUE | BQ30: TRUE | BR30: TRUE | BS30: TRUE | BT30: TRUE | BU30: TRUE | BV30: TRUE | BW30: TRUE | BX30: TRUE | BY30: TRUE | BZ30: TRUE | CA30: FALSE | CB30: FALSE | CC30: TRUE | CD30: FALSE | CE30: TRUE | CF30: TRUE | CG30: TRUE | CH30: TRUE | CI30: TRUE | CJ30: TRUE | CK30: TRUE | CL30: TRUE | CM30: TRUE | CN30: TRUE
... A36: Anurag Arora | B36: 6391293350 | C36: anurag.arora0810@gmail.com | D36: Lucknow | F36: FALSE | G36: FALSE | H36: TRUE | I36: TRUE | J36: TRUE | K36: TRUE | L36: TRUE | M36: TRUE | N36: FALSE | O36: TRUE | P36: TRUE | Q36: TRUE | R36: TRUE | S36: FALSE | T36: TRUE | U36: TRUE | V36: TRUE | W36: TRUE | X36: TRUE | Y36: TRUE | Z36: TRUE | AA36: FALSE | AB36: TRUE | AC36: TRUE | AD36: TRUE | AE36: TRUE | AF36: TRUE | AG36: TRUE | AH36: TRUE | AI36: TRUE | AJ36: TRUE | AK36: TRUE | AL36: TRUE | AM36: TRUE | AN36: FALSE | AO36: TRUE | AP36: TRUE | AQ36: FALSE | AR36: TRUE | AS36: TRUE | AT36: TRUE | AU36: TRUE | AV36: TRUE | AW36: TRUE | AX36: TRUE | AY36: TRUE | AZ36: TRUE | BA36: TRUE | BB36: TRUE | BC36: TRUE | BD36: FALSE | BE36: TRUE | BF36: FALSE | BG36: FALSE | BH36: FALSE | BI36: TRUE | BJ36: TRUE | BK36: TRUE | BL36: TRUE | BM36: TRUE | BN36: TRUE | BO36: TRUE | BP36: TRUE | BQ36: TRUE | BR36: FALSE | BS36: TRUE | BT36: FALSE | BU36: TRUE | BV36: TRUE | BW36: TRUE | BX36: TRUE | BY36: TRUE | BZ36: FALSE | CA36: TRUE | CB36: TRUE | CC36: TRUE | CD36: TRUE | CE36: TRUE | CF36: TRUE | CG36: FALSE | CH36: TRUE | CI36: TRUE | CJ36: TRUE | CK36: TRUE | CL36: TRUE | CM36: TRUE | CN36: TRUE
A37: Abhishek Kumar | B37: 6205305063 | C37: abhishekkumar620530@gmail.com | D37: Noida | E37: Saquib Hasnain | F37: TRUE | G37: FALSE | H37: TRUE | I37: TRUE | J37: TRUE | K37: FALSE | L37: TRUE | M37: TRUE | N37: TRUE | O37: TRUE | P37: TRUE | Q37: TRUE | R37: TRUE | S37: TRUE | T37: TRUE | U37: TRUE | V37: TRUE | W37: TRUE | X37: TRUE | Y37: TRUE | Z37: TRUE | AA37: TRUE | AB37: FALSE | AC37: TRUE | AD37: TRUE | AE37: TRUE | AF37: TRUE | AG37: TRUE | AH37: TRUE | AI37: TRUE | AJ37: TRUE | AK37: FALSE | AL37: FALSE | AM37: FALSE | AN37: FALSE | AO37: TRUE | AP37: TRUE | AQ37: TRUE | AR37: TRUE | AS37: TRUE | AT37: TRUE | AU37: TRUE | AV37: TRUE | AW37: TRUE | AX37: TRUE | AY37: TRUE | AZ37: TRUE | BA37: TRUE | BB37: TRUE | BC37: TRUE | BD37: TRUE | BE37: TRUE | BF37: TRUE | BG37: TRUE | BH37: TRUE | BI37: FALSE | BJ37: FALSE | BK37: TRUE | BL37: TRUE | BM37: TRUE | BN37: FALSE | BO37: TRUE | BP37: TRUE | BQ37: TRUE | BR37: FALSE | BS37: TRUE | BT37: TRUE | BU37: TRUE | BV37: TRUE | BW37: TRUE | BX37: TRUE | BY37: TRUE | BZ37: TRUE | CA37: TRUE | CB37: TRUE | CC37: TRUE | CD37: TRUE | CE37: TRUE | CF37: TRUE | CG37: TRUE | CH37: TRUE | CI37: TRUE | CJ37: TRUE | CK37: TRUE | CL37: TRUE | CM37: TRUE | CN37: TRUE
A38: Keshav Kumar | B38: 8409199572 | C38: keshav2007kk@gmail.com | D38: Noida | F38: TRUE | G38: FALSE | H38: FALSE | I38: FALSE | J38: TRUE | K38: FALSE | L38: FALSE | M38: FALSE | N38: FALSE | O38: TRUE | P38: TRUE | Q38: FALSE | R38: TRUE | S38: TRUE | T38: TRUE | U38: FALSE | V38: TRUE | W38: TRUE | X38: TRUE | Y38: TRUE | Z38: TRUE | AA38: TRUE | AB38: FALSE | AC38: FALSE | AD38: FALSE | AE38: FALSE | AF38: TRUE | AG38: TRUE | AH38: FALSE | AI38: TRUE | AJ38: FALSE | AK38: FALSE | AL38: TRUE | AM38: TRUE | AN38: FALSE | AO38: TRUE | AP38: TRUE | AQ38: TRUE | AR38: TRUE | AS38: TRUE | AT38: TRUE | AU38: TRUE | AV38: TRUE | AW38: TRUE | AX38: TRUE | AY38: FALSE | AZ38: TRUE | BA38: TRUE | BB38: TRUE | BC38: TRUE | BD38: TRUE | BE38: TRUE | BF38: FALSE | BG38: FALSE | BH38: FALSE | BI38: FALSE | BJ38: FALSE | BK38: FALSE | BL38: TRUE | BM38: TRUE | BN38: TRUE | BO38: TRUE | BP38: TRUE | BQ38: TRUE | BR38: TRUE | BS38: TRUE | BT38: TRUE | BU38: FALSE | BV38: TRUE | BW38: TRUE | BX38: TRUE | BY38: TRUE | BZ38: TRUE | CA38: TRUE | CB38: TRUE | CC38: TRUE | CD38: TRUE | CE38: TRUE | CF38: TRUE | CG38: FALSE | CH38: TRUE | CI38: FALSE | CJ38: TRUE | CK38: TRUE | CL38: TRUE | CM38: TRUE | CN38: TRUE
A39: Shreshth Gupt | B39: 9599208146 | C39: shreshthgupt@gmail.com | D39: Noida | F39: FALSE | G39: FALSE | H39: FALSE | I39: FALSE | J39: FALSE | K39: FALSE | L39: FALSE | M39: FALSE | N39: FALSE | O39: FALSE | P39: FALSE | Q39: FALSE | R39: FALSE | S39: FALSE | T39: FALSE | U39: FALSE | V39: FALSE | W39: FALSE | X39: FALSE | Y39: FALSE | Z39: FALSE | AA39: FALSE | AB39: FALSE | AC39: FALSE | AD39: FALSE | AE39: FALSE | AF39: FALSE | AG39: FALSE | AH39: FALSE | AI39: TRUE | AJ39: FALSE | AK39: FALSE | AL39: TRUE | AM39: TRUE | AN39: TRUE | AO39: TRUE | AP39: FALSE | AQ39: FALSE | AR39: FALSE | AS39: FALSE | AT39: FALSE | AU39: FALSE | AV39: FALSE | AW39: FALSE | AX39: FALSE | AY39: TRUE | AZ39: FALSE | BA39: TRUE | BB39: TRUE | BC39: FALSE | BD39: TRUE | BE39: TRUE | BF39: TRUE | BG39: TRUE | BH39: FALSE | BI39: FALSE | BJ39: FALSE | BK39: FALSE | BL39: TRUE | BM39: TRUE | BN39: TRUE | BO39: TRUE | BP39: TRUE | BQ39: TRUE | BR39: TRUE | BS39: TRUE | BT39: TRUE | BU39: TRUE | BV39: TRUE | BW39: TRUE | BX39: TRUE | BY39: TRUE | BZ39: TRUE | CA39: TRUE | CB39: TRUE | CC39: TRUE | CD39: TRUE | CE39: TRUE | CF39: TRUE | CG39: TRUE | CH39: TRUE | CI39: TRUE | CJ39: TRUE | CK39: TRUE | CL39: TRUE | CM39: TRUE | CN39: TRUE
A40: Kshitij Tiwari | B40: 9244007322 | C40: kshitijtiwari503@gmail.com | D40: Noida | F40: FALSE | G40: FALSE | H40: TRUE | I40: FALSE | J40: TRUE | K40: FALSE | L40: FALSE | M40: FALSE | N40: FALSE | O40: FALSE | P40: FALSE | Q40: TRUE | R40: TRUE | S40: FALSE | T40: TRUE | U40: FALSE | V40: FALSE | W40: TRUE | X40: FALSE | Y40: TRUE | Z40: FALSE | AA40: FALSE | AB40: FALSE | AC40: FALSE | AD40: TRUE | AE40: TRUE | AF40: FALSE | AG40: FALSE | AH40: FALSE | AI40: FALSE | AJ40: FALSE | AK40: FALSE | AL40: TRUE | AM40: TRUE | AN40: TRUE | AO40: FALSE | AP40: TRUE | AQ40: TRUE | AR40: TRUE | AS40: TRUE | AT40: FALSE | AU40: FALSE | AV40: FALSE | AW40: FALSE | AX40: FALSE | AY40: FALSE | AZ40: FALSE | BA40: FALSE | BB40: FALSE | BC40: FALSE | BD40: FALSE | BE40: FALSE | BF40: FALSE | BG40: TRUE | BH40: TRUE | BI40: FALSE | BJ40: TRUE | BK40: TRUE | BL40: TRUE | BM40: FALSE | BN40: FALSE | BO40: FALSE | BP40: TRUE | BQ40: FALSE | BR40: TRUE | BS40: TRUE | BT40: TRUE | BU40: TRUE | BV40: TRUE | BW40: TRUE | BX40: TRUE | BY40: TRUE | BZ40: TRUE | CA40: FALSE | CB40: FALSE | CC40: TRUE | CD40: TRUE | CE40: FALSE | CF40: TRUE | CG40: TRUE | CH40: TRUE | CI40: FALSE | CJ40: FALSE | CK40: TRUE | CL40: TRUE | CM40: FALSE | CN40: TRUE
A41: Sabique Khan | B41: 7388400233 | C41: sabiquekhan1234@gmail.com | D41: Noida | F41: FALSE | G41: FALSE | H41: TRUE | I41: TRUE | J41: TRUE | K41: FALSE | L41: FALSE | M41: FALSE | N41: FALSE | O41: TRUE | P41: FALSE | Q41: FALSE | R41: TRUE | S41: TRUE | T41: TRUE | U41: FALSE | V41: TRUE | W41: TRUE | X41: FALSE | Y41: TRUE | Z41: TRUE | AA41: FALSE | AB41: FALSE | AC41: FALSE | AD41: TRUE | AE41: TRUE | AF41: FALSE | AG41: TRUE | AH41: TRUE | AI41: FALSE | AJ41: TRUE | AK41: TRUE | AL41: TRUE | AM41: TRUE | AN41: FALSE | AO41: TRUE | AP41: TRUE | AQ41: TRUE | AR41: TRUE | AS41: FALSE | AT41: FALSE | AU41: FALSE | AV41: TRUE | AW41: TRUE | AX41: TRUE | AY41: FALSE | AZ41: TRUE | BA41: TRUE | BB41: TRUE | BC41: FALSE | BD41: FALSE | BE41: FALSE | BF41: TRUE | BG41: TRUE | BH41: FALSE | BI41: FALSE | BJ41: FALSE | BK41: TRUE | BL41: FALSE | BM41: FALSE | BN41: FALSE | BO41: FALSE | BP41: TRUE | BQ41: TRUE | BR41: TRUE | BS41: FALSE | BT41: TRUE | BU41: FALSE | BV41: TRUE | BW41: FALSE | BX41: TRUE | BY41: TRUE | BZ41: TRUE | CA41: FALSE | CB41: TRUE | CC41: FALSE | CD41: TRUE | CE41: TRUE | CF41: TRUE | CG41: FALSE | CH41: TRUE | CI41: TRUE | CJ41: FALSE | CK41: TRUE | CL41: TRUE | CM41: TRUE | CN41: TRUE
A42: Suraj Kumar (Rana) | B42: 8447205538 | C42: surajranna01@gmail.com | D42: Noida | F42: TRUE | G42: TRUE | H42: FALSE | I42: FALSE | J42: FALSE | K42: FALSE | L42: FALSE | M42: FALSE | N42: TRUE | O42: TRUE | P42: TRUE | Q42: FALSE | R42: TRUE | S42: TRUE | T42: TRUE | U42: FALSE | V42: TRUE | W42: TRUE | X42: TRUE | Y42: FALSE | Z42: TRUE | AA42: TRUE | AB42: FALSE | AC42: FALSE | AD42: FALSE | AE42: TRUE | AF42: TRUE | AG42: TRUE | AH42: TRUE | AI42: TRUE | AJ42: TRUE | AK42: FALSE | AL42: FALSE | AM42: TRUE | AN42: TRUE | AO42: TRUE | AP42: TRUE | AQ42: TRUE | AR42: TRUE | AS42: FALSE | AT42: FALSE | AU42: FALSE | AV42: FALSE | AW42: FALSE | AX42: FALSE | AY42: FALSE | AZ42: FALSE | BA42: FALSE | BB42: FALSE | BC42: FALSE | BD42: FALSE | BE42: FALSE | BF42: FALSE | BG42: FALSE | BH42: FALSE | BI42: FALSE | BJ42: FALSE | BK42: FALSE | BL42: FALSE | BM42: FALSE | BN42: TRUE | BO42: TRUE | BP42: TRUE | BQ42: TRUE | BR42: TRUE | BS42: TRUE | BT42: TRUE | BU42: FALSE | BV42: TRUE | BW42: FALSE | BX42: TRUE | BY42: TRUE | BZ42: TRUE | CA42: TRUE | CB42: TRUE | CC42: FALSE | CD42: TRUE | CE42: TRUE | CF42: TRUE | CG42: TRUE | CH42: TRUE | CI42: TRUE | CJ42: TRUE | CK42: TRUE | CL42: TRUE | CM42: TRUE | CN42: TRUE
A43: Vicky raj | B43: 7250358256 | C43: raj98215@gmail.com | D43: Noida | F43: TRUE | G43: FALSE | H43: TRUE | I43: TRUE | J43: TRUE | K43: TRUE | L43: FALSE | M43: FALSE | N43: FALSE | O43: TRUE | P43: TRUE | Q43: FALSE | R43: TRUE | S43: TRUE | T43: TRUE | U43: FALSE | V43: TRUE | W43: FALSE | X43: TRUE | Y43: TRUE | Z43: TRUE | AA43: TRUE | AB43: FALSE | AC43: FALSE | AD43: TRUE | AE43: FALSE | AF43: TRUE | AG43: TRUE | AH43: FALSE | AI43: TRUE | AJ43: FALSE | AK43: FALSE | AL43: TRUE | AM43: TRUE | AN43: FALSE | AO43: TRUE | AP43: TRUE | AQ43: FALSE | AR43: FALSE | AS43: FALSE | AT43: FALSE | AU43: FALSE | AV43: FALSE | AW43: FALSE | AX43: FALSE | AY43: FALSE | AZ43: FALSE | BA43: FALSE | BB43: FALSE | BC43: FALSE | BD43: FALSE | BE43: TRUE | BF43: TRUE | BG43: TRUE | BH43: TRUE | BI43: TRUE | BJ43: TRUE | BK43: TRUE | BL43: TRUE | BM43: TRUE | BN43: TRUE | BO43: TRUE | BP43: FALSE | BQ43: TRUE | BR43: TRUE | BS43: TRUE | BT43: TRUE | BU43: FALSE | BV43: TRUE | BW43: FALSE | BX43: TRUE | BY43: TRUE | BZ43: TRUE | CA43: TRUE | CB43: TRUE | CC43: TRUE | CD43: TRUE | CE43: TRUE | CF43: TRUE | CG43: FALSE | CH43: TRUE | CI43: TRUE | CJ43: TRUE | CK43: TRUE | CL43: TRUE | CM43: TRUE | CN43: TRUE
A44: ABHISHEK KUMAR MISHRA | B44: 9315379080 | C44: akiabhisheku@gmail.com | D44: Noida | F44: FALSE | G44: FALSE | H44: FALSE | I44: FALSE | J44: FALSE | K44: FALSE | L44: FALSE | M44: FALSE | N44: FALSE | O44: FALSE | P44: FALSE | Q44: FALSE | R44: FALSE | S44: FALSE | T44: FALSE | U44: FALSE | V44: FALSE | W44: FALSE | X44: FALSE | Y44: FALSE | Z44: FALSE | AA44: FALSE | AB44: FALSE | AC44: FALSE | AD44: FALSE | AE44: FALSE | AF44: FALSE | AG44: FALSE | AH44: FALSE | AI44: FALSE | AJ44: FALSE | AK44: FALSE | AL44: FALSE | AM44: FALSE | AN44: FALSE | AO44: FALSE | AP44: FALSE | AQ44: FALSE | AR44: FALSE | AS44: FALSE | AT44: FALSE | AU44: FALSE | AV44: FALSE | AW44: FALSE | AX44: FALSE | AY44: FALSE | AZ44: FALSE | BA44: FALSE | BB44: FALSE | BC44: FALSE | BD44: FALSE | BE44: FALSE | BF44: FALSE | BG44: FALSE | BH44: FALSE | BI44: FALSE | BJ44: FALSE | BK44: FALSE | BL44: FALSE | BM44: FALSE | BN44: FALSE | BO44: FALSE | BP44: FALSE | BQ44: FALSE | BR44: FALSE | BS44: FALSE | BT44: FALSE | BU44: FALSE | BV44: FALSE | BW44: FALSE | BX44: FALSE | BY44: FALSE | BZ44: FALSE | CA44: FALSE | CB44: FALSE | CC44: FALSE | CD44: FALSE | CE44: FALSE | CF44: FALSE | CG44: FALSE | CH44: FALSE | CI44: FALSE | CJ44: TRUE | CK44: FALSE | CL44: TRUE | CM44: FALSE | CN44: TRUE
A45: Ajmer Ali | B45: 7065577815 | C45: aliajmer701@gmail.com | D45: Noida | F45: TRUE | G45: TRUE | H45: TRUE | I45: TRUE | J45: TRUE | K45: TRUE | L45: TRUE | M45: TRUE | N45: TRUE | O45: TRUE | P45: TRUE | Q45: TRUE | R45: TRUE | S45: TRUE | T45: TRUE | U45: FALSE | V45: TRUE | W45: TRUE | X45: TRUE | Y45: TRUE | Z45: TRUE | AA45: TRUE | AB45: TRUE | AC45: TRUE | AD45: TRUE | AE45: TRUE | AF45: TRUE | AG45: TRUE | AH45: TRUE | AI45: TRUE | AJ45: TRUE | AK45: TRUE | AL45: TRUE | AM45: TRUE | AN45: TRUE | AO45: TRUE | AP45: TRUE | AQ45: TRUE | AR45: TRUE | AS45: TRUE | AT45: TRUE | AU45: TRUE | AV45: TRUE | AW45: TRUE | AX45: TRUE | AY45: TRUE | AZ45: TRUE | BA45: TRUE | BB45: TRUE | BC45: TRUE | BD45: TRUE | BE45: TRUE | BF45: TRUE | BG45: TRUE | BH45: TRUE | BI45: TRUE | BJ45: TRUE | BK45: TRUE | BL45: TRUE | BM45: TRUE | BN45: TRUE | BO45: TRUE | BP45: TRUE | BQ45: TRUE | BR45: TRUE | BS45: TRUE | BT45: TRUE | BU45: TRUE | BV45: TRUE | BW45: TRUE | BX45: TRUE | BY45: TRUE | BZ45: TRUE | CA45: TRUE | CB45: TRUE | CC45: TRUE | CD45: TRUE | CE45: FALSE | CF45: FALSE | CG45: FALSE | CH45: TRUE | CI45: TRUE | CJ45: TRUE | CK45: TRUE | CL45: TRUE | CM45: TRUE | CN45: TRUE
A46: Aditya Prakash | B46: 9142601081 | C46: adityaprakash112233@gmail.com | D46: Noida | F46: TRUE | G46: FALSE | H46: TRUE | I46: TRUE | J46: TRUE | K46: TRUE | L46: TRUE | M46: TRUE | N46: TRUE | O46: TRUE | P46: FALSE | Q46: FALSE | R46: TRUE | S46: TRUE | T46: TRUE | U46: FALSE | V46: TRUE | W46: TRUE | X46: FALSE | Y46: TRUE | Z46: TRUE | AA46: TRUE | AB46: FALSE | AC46: FALSE | AD46: TRUE | AE46: TRUE | AF46: FALSE | AG46: TRUE | AH46: TRUE | AI46: FALSE | AJ46: TRUE | AK46: TRUE | AL46: TRUE | AM46: TRUE | AN46: FALSE | AO46: TRUE | AP46: TRUE | AQ46: TRUE | AR46: TRUE | AS46: TRUE | AT46: FALSE | AU46: TRUE | AV46: TRUE | AW46: TRUE | AX46: TRUE | AY46: FALSE | AZ46: TRUE | BA46: TRUE | BB46: TRUE | BC46: TRUE | BD46: TRUE | BE46: TRUE | BF46: TRUE | BG46: TRUE | BH46: TRUE | BI46: FALSE | BJ46: FALSE | BK46: TRUE | BL46: TRUE | BM46: TRUE | BN46: TRUE | BO46: TRUE | BP46: TRUE | BQ46: TRUE | BR46: TRUE | BS46: FALSE | BT46: TRUE | BU46: TRUE | BV46: TRUE | BW46: TRUE | BX46: TRUE | BY46: TRUE | BZ46: TRUE | CA46: TRUE | CB46: TRUE | CC46: TRUE | CD46: TRUE | CE46: TRUE | CF46: TRUE | CG46: FALSE | CH46: TRUE | CI46: TRUE | CJ46: TRUE | CK46: FALSE | CL46: FALSE | CM46: FALSE | CN46: TRUE
